V14,V10,V17,V4,V11,V3,V12,V16,V7,V2,V19,V21,NormalizedAmount,V27,V9,Class
-4.28925378244217,-2.77227214465915,-2.83005567450437,3.9979055875468,3.20203320709635,-1.60985073229769,-2.89990738849473,-1.14074717980657,-2.53738730624579,1.95199201064158,0.416955705037907,0.517232370861764,-0.3059379780280906,0.261145002567677,-2.77008927719433,1
-1.69202893305906,-0.838586564582682,0.599717413841732,2.2886436183814,-0.414575448285725,1.08846277997285,-0.503140859566824,0.666779695901966,0.325574266158614,-3.15730712090228,0.283344830149495,0.661695924845707,7.050479766374634,-0.252773122530705,-0.270952836226548,1
-1.47010153611197,-1.52541162656194,-4.78183085597533,2.33024305053917,2.03291215755072,-0.359744743330052,-6.56012429505962,-2.28219382856251,0.562319782266954,1.759247460267,-1.33444106667307,-0.294166317554753,3.030593797802809,0.0395659889264757,-0.238253367661746,1
-6.77109672468083,-4.80163740602813,-12.5984185405511,2.67978696694832,4.89584422347523,-2.5928442182573,-10.9128193194019,-7.35808322132346,-3.49619729302467,1.35836702839758,0.308333945758691,0.573574068424352,0.5145320539563343,-0.827135714578603,-0.24776789948008,1
-6.07933719308005,-2.44746925511151,6.73938438478335,4.73279513041887,2.10134386504854,-4.30459688479665,-4.6096283906446,2.58185095378146,1.71344498787235,3.0197404207034,-2.72185312222835,-0.37906830709218,-0.292031706299541,-0.0100162234965625,-1.28285782036322,1
-10.6911962118171,-6.18789062970647,-1.12905587703585,6.6757321631344,5.66439470857116,-6.24069657194744,-9.85448482287037,-2.04197379107768,-1.63173467271809,4.13783683497998,-1.93466573889727,0.36451420978479,-0.292031706299541,0.735821636119662,-2.79589246446281,1
-10.7338541032306,-6.04546779778801,-1.74635013628103,6.34855667313983,6.75462544809695,-6.56059996809658,-8.94817857893317,-1.63896011485587,-1.68910220031328,4.13246389713003,-1.32735663549015,0.370508651493253,-0.292031706299541,0.737040381683977,-3.13940905736457,1
-9.17716637009146,-5.13445447110633,1.31301362907797,6.07826550560828,4.56072010550223,-5.77593510831666,-8.87374836164535,-0.871688490451564,-0.812891249491333,3.71288929524103,-2.37059945059811,0.156617169389793,-0.292031706299541,0.530507388890912,-2.21431131204961,1
-9.25230724747513,-4.95949291161496,0.784426598154274,6.04744510216478,6.43905335158373,-5.61515901119457,-7.52011739288703,-0.502362190618164,-0.746579273100222,3.80907594667829,-1.80801215867357,0.208828369001674,-0.292031706299541,0.518868284577287,-2.6786785422399,1
-6.21025774661028,-4.62498495406596,-4.83032424210571,4.007682804682,5.5887239146762,-5.32997618300917,-7.14824263637845,-3.5995402092184,-3.96859261813707,2.30089443776603,2.2501232487881,0.589669127323198,-0.292031706299541,0.594549978086464,-0.486096552344833,1
-6.76333439062322,-5.00924850212751,-3.75412806618729,4.41666124290876,4.67572941865677,-5.23451329584052,-8.16718805173089,-3.81175840977789,-3.87808845483572,2.42643280600508,1.55419726345897,0.551179689117248,-0.292031706299541,0.600484916486359,-0.166199039175942,1
-5.24930454889762,-3.95581234352737,-1.31205856007348,3.81919458538265,3.57205481558784,-4.76975183220974,-7.18645159050588,-2.64147310915178,-3.05924503160896,2.00148526626613,1.11826355175812,0.343282648722251,-0.292031706299541,0.395170669257609,0.415382113237262,1
-6.60806825219469,-6.23456133227108,-4.83511205239717,2.35709625199132,5.45074606689486,-4.13742198305023,-7.33371406736393,-2.60247787045261,-3.51368687087654,3.26158454822833,0.351948943356815,0.501543149467536,-0.292031706299541,0.264028160503965,-1.20716636120056,1
-6.59055029705192,-6.19988176274188,-4.21448627485607,2.62536815276644,4.36671348631445,-3.82274226552205,-8.24326243368313,-3.02845238846152,-3.43055914949085,3.40279371307631,-0.265421595374812,0.454031931736316,-0.292031706299541,0.530980986346765,-0.776941494554916,1
-9.05799252943745,-3.94423849794435,1.52450091526025,7.38024451788662,6.35507773663404,-7.42389358948559,-7.30974798382371,-1.07311652692728,-1.49649705633444,4.09391182702914,-0.0897244112241547,0.375026285129017,-0.292031706299541,0.618323805168482,-2.35119015933267,1
-11.7367291212569,-7.45484065078351,-3.53552351168246,5.70150043141163,7.38805512292025,-5.92612969400656,-10.4752286504099,-2.44235398293755,-1.71340206347108,4.91785071056565,-2.07145048844325,0.615641835107552,-0.292031706299541,0.894766671515833,-3.79635425171163,1
-11.5434979157865,-6.81081309938215,-3.20438340295762,6.79679668055103,7.62008905836908,-6.89143771650147,-10.2852825163315,-2.68928420445067,-2.43665252687714,4.31352332575143,-1.31449509665307,0.536892074447128,-0.292031706299541,0.891024688365269,-3.37163857159343,1
-7.67866801029943,-5.52627805985834,-5.84426647937357,4.52249960508858,6.66243683071252,-5.92003738034463,-8.52546492534563,-4.47813659534324,-4.68405393631569,2.66067027657541,2.17738568653903,0.743314023428983,-0.292031706299541,0.620866538820488,-0.694695511200349,1
-7.01990155916612,-5.3903302556601,-6.2883575087823,4.4559228120932,6.45418752494833,-5.66081393141405,-8.48534657377678,-4.6498642988132,-4.71614294470093,2.48195386638743,2.26298478762517,0.756052550277073,-0.292031706299541,0.748534284767756,-0.718326066573691,1
-7.50616937408145,-6.7167200227127,-6.30475338603049,2.73066814884895,6.35361231915591,-4.50849778617728,-8.60164826276464,-3.69451599830956,-4.23525308290613,3.6396539992044,0.357987030484253,0.645103275621378,-0.292031706299541,0.552590914653841,-1.30527913344307,1
-7.41771206475053,-6.99990663386522,-6.29314531907376,2.80533625940251,6.31620967716699,-4.46825973145511,-8.67081800476226,-3.65280196004741,-4.2612371974404,3.44264397684973,0.364810482193887,0.66792657242141,-0.292031706299541,0.418012467185258,-1.43939587542941,1
-9.40542306160986,-5.57602263642415,-9.8025617903912,4.32819855298178,4.80232276125089,-3.11437220079491,-10.833164469314,-7.55234220350747,-4.57726462658038,1.69569365346656,1.74050729036196,0.481829697240067,-0.2906410791266861,-1.00204142597227,0.472016953377646,1
-10.924186865147,-7.19160424618226,-2.77511389701838,6.37974188053221,7.10298858788516,-7.65361621324071,-9.92869994299538,-2.37942098527078,-3.10356974550479,5.8563932148043,-1.38218756352589,0.734774950378595,-0.292031706299541,0.28028415690056,-3.83115371623455,1
-10.8606980453666,-7.29780335001461,-2.76009701528795,6.39582974649419,7.07166913682445,-7.61846283574893,-10.001046368327,-2.36085672411086,-3.10455736262141,5.79364414692454,-1.38555780172735,0.716719907055995,-0.292031706299541,0.413139555823146,-3.87865758023391,1
-3.73802333366749,-1.9877731876087,-5.1361351026702,4.85389435139681,4.69039566550924,-4.48955807274398,-6.9980424321007,-2.01354268083989,5.43127092073166,0.258555160773118,1.66339401354543,-1.05236825623151,24.859963843693503,1.98591321801306,-0.775680092900109,1
-19.2143254902614,-12.8409338181318,-15.5033921000669,9.00714687170235,12.0189131816199,-11.0347272274446,-17.7691434633638,-10.2666091836641,-7.81044074525876,5.97355569173344,-0.410480977392724,1.6465182926595,-0.292031706299541,2.11974873337031,-5.90282812214984,1
-9.63468971263612,-5.15309460989926,0.891934540534899,6.09414095882864,4.65408842254301,-5.72687201536627,-7.83953899762349,-0.663203945673478,-0.591118212837213,3.91479678866992,-2.00547660274646,0.149895683076911,-0.292031706299541,0.527937749881352,-2.53071281390832,1
-14.690729133641,-11.4204509744097,-18.5873662058916,6.66627300324451,10.8530116481991,-9.80410344235714,-15.969207520809,-12.2271892780267,-10.0899311630826,4.14198623236944,3.16699890688552,1.86567876848945,-0.292031706299541,1.9772583297728,-3.2495156171301,1
-18.8220867423816,-13.1934150665232,-15.2270075099256,8.60755678650129,11.6197234753825,-11.4264670967961,-17.6316063138707,-10.0310966568698,-8.13858941693861,7.09891625215749,-0.501750653452579,1.75708522742867,-0.292031706299541,1.8815287524148,-6.27279046836547,1
-9.44037499459843,-4.13784019622865,1.63200885764087,7.42694037455047,4.57011280759332,-7.53560659365729,-7.62916958856017,-1.23395828198259,-1.34103599607144,4.19963266902077,-0.287188855297045,0.316093599204254,-0.292031706299541,0.627393270472548,-2.20322443100109,1
-8.13869488434773,-4.59495176285009,-10.2467554066001,5.4676845487781,5.27550585077254,-4.47513271259153,-11.3490285500915,-6.65359434741365,-4.10421487278526,2.69386747884008,0.991486122257293,0.573898081112651,-0.3059379780280906,-1.50845793363219,-1.49846813107494,1
-7.84094220494304,-4.13889121357616,-9.93176515376766,5.92819080241929,5.14940878300581,-5.59835426695611,-11.1240186070579,-6.77706923974191,-4.48742195988547,3.04446910225824,1.50492485905709,0.650988236282379,0.1166736198025309,-1.33177732223058,-1.3070104231933,1
-6.22060535304292,1.01511287978593,-5.04473569177435,3.26463274045175,3.18718689736493,-1.18849800365476,-7.00432728360605,-3.07509188469837,-0.954940039087007,3.10093489093256,-0.662462068430895,1.68866543097474,2.192462800723126,-3.03627132936069,2.82082866173719,1
-18.4937733551053,-11.853866972601,-14.4412111342765,10.3432280604117,11.6692047358121,-13.7054072869097,-17.2286622386187,-10.6294973901353,-9.3012886151434,7.01671438495857,1.2702262705049,1.88773772551451,-0.292031706299541,1.93422076005943,-5.65421202641103,1
-13.8837785491112,-11.5619497720699,-18.1030037037729,6.68995065770063,10.446846814514,-11.0633302799459,-15.4790524832016,-11.911483017197,-11.1999752166959,5.22544230971559,3.12692935212663,2.00288287701632,-0.292031706299541,1.42771309550336,-3.42930426351801,1
-18.0499976898594,-13.1366983691039,-14.7449024646768,8.59434189301081,11.228470279576,-12.7528112729386,-17.1313009454468,-9.7235653091894,-9.25279393795831,8.28742055534983,-0.574675143795817,1.84616479291417,-0.292031706299541,1.57471478384204,-6.32980084623466,1
-17.7216383537133,-11.7971810675777,-13.9590853730538,10.330099825448,11.2779207278067,-15.0317142097481,-16.7283393320915,-10.3220166783853,-10.4156978119079,8.20479650456012,1.19726633504633,1.97698839609887,-0.292031706299541,1.62720907623952,-5.71124797098224,1
-17.4759212828566,-11.7121866242875,-13.7991476446987,10.3133493732845,11.1524905985837,-15.4962220036783,-16.5581971409376,-10.222203169604,-10.7883728387388,8.63621438967976,1.16202614780693,1.9905453513529,-0.292031706299541,1.60595762479265,-5.68931118776998,1
-3.26647554459315,1.07741752106048,-5.269876299726,2.507298518227,3.33850216040272,-1.57293870931742,-6.54261034532574,-4.84238307827835,-1.59390073966645,2.90208643306647,1.95922405409272,1.96359666634146,-0.1475455430399109,-3.90808047547799,1.90896268593707,1
-0.330305803751441,-0.592472935320844,2.29899822072815,3.17025757451452,1.07272839973578,0.394684329076182,-2.54755681422931,0.335642172519614,-0.0229887284923858,0.898474023721059,-1.53270721248432,-0.423553904215867,-0.2532332081768877,0.0129477659306532,0.860043617194172,1
-0.45607695680899,-0.554223900525873,1.70702446635297,3.02404970580847,0.154921008931302,0.0823341450498769,-2.77675657494788,0.857322735948866,0.0535578385040748,0.942289402014327,-0.865104609842214,-0.502635558485173,-0.2532332081768877,-0.0030411199129353,0.883797757350066,1
1.50079377517002,-0.164562674892883,0.115114264650572,1.73159516277684,0.500376369958899,2.04100272504592,-3.0217601822032,0.706047712602575,0.266155169970928,1.11145278248281,-2.54852159198286,0.159387389394564,-0.2512863301348908,-0.100845186803931,0.58025540346041,1
-17.230202160711,-11.6271935556579,-13.6392089915234,10.2966027898053,11.0270590938161,-15.9607281345144,-16.3880541668327,-10.1223919213552,-11.1610570028797,9.06761342731767,1.12678437819631,2.00410994522741,-0.292031706299541,1.58469734677224,-5.66737554592835,1
-11.8521613037824,-11.7868116556041,-18.3888105354245,8.61789514115238,9.36907905765884,-13.510931139095,-15.0941631493865,-10.6882417917386,-9.46253281088355,6.96770866359565,2.38280793552097,2.08608300107406,10.35127242386316,0.626646780979254,-4.89700552817542,1
-10.140200337183,-11.2014000859835,-17.5066115481045,9.64831072711484,9.32879925655782,-12.4667657248211,-13.1049334662012,-10.0986706554809,-21.9228110340575,3.85415032971366,1.60687003263877,-1.1598299509044,16.6442775691837,3.05235768679424,-4.43316165783721,1
-15.0663743633461,-13.6705451263516,-12.8041408991277,11.2703523334822,10.5452629545898,-17.7126323688621,-15.0226996343749,-8.6687392723375,-16.5358068114174,6.50318451651946,0.579200358016368,-2.47596222945688,-0.292031706299541,2.70656616161759,-6.81527289964437,1
-9.80988150207055,-12.9389293107706,-17.5420303090874,10.1072738734101,8.80568196718575,-16.5870729373632,-13.5561301301468,-9.50521044515487,-15.6003233044816,4.48826730168204,2.06937744931751,-2.0896096332232,2.319287998887498,1.2124772080589,-5.3046309683427,1
-14.6663889726541,-14.166794659606,-12.6025964553952,11.165525840514,10.2777688628065,-19.0269123426632,-14.9854337328686,-8.33324249555463,-14.9133299850456,7.47232389650112,0.604625910708604,-2.44488368228,-0.292031706299541,2.26294237384391,-7.1750966153358,1
-14.4915983463022,-13.3482776536659,-12.4398049728466,11.927511869244,10.1875873241664,-21.405835744128,-14.5639797552132,-8.2641288443605,-15.4716122801735,7.42136996239257,0.753149847889189,-2.36683606243662,-0.292031706299541,2.17190494464567,-6.38012489838839,1
-14.2483158270781,-13.2616517082667,-12.2809648581754,11.9061699078901,10.0637897462894,-21.8723173644566,-14.3947668016721,-8.16163244506225,-15.8334427819606,7.87515679273047,0.719787682108791,-2.36234492751884,-0.292031706299541,2.16112922373151,-6.35683349086288,1
-14.0047761755606,-13.175198078736,-12.1220088158237,11.8853128922128,9.93981974172569,-22.3385905133352,-14.2254557039818,-8.0594194070953,-16.1964186599881,8.32658106147414,0.686227163597458,-2.3568962794623,-0.292031706299541,2.14924707788821,-6.33368515594745,1
-13.7610179615936,-13.0888909176936,-11.9629542349435,11.8648680803607,9.81570317447819,-22.8046864614815,-14.0560611837648,-7.95744722625995,-16.5603681078199,8.7759971528627,0.652498045264831,-2.35063374523783,-0.292031706299541,2.13642447085514,-6.31065843275059,1
-13.5170724083842,-13.0027093010697,-11.8038151924676,11.8447765860728,9.69146098207319,-23.2706305232856,-13.8865951585248,-7.85568149439455,-16.9251520440555,9.22369194937548,0.618624412799665,-2.34367359429797,-0.292031706299541,2.12279575423083,-6.28773594816964,1
-13.2729650621928,-12.9166361091709,-11.6446032058862,11.8249902296814,9.56711029521397,-23.7364434105216,-13.7170673789468,-7.75409405936683,-17.2906566748216,9.66990017304097,0.58462597267458,-2.33611095619483,-0.292031706299541,2.10847085205046,-6.26490348784789,1
-13.0287170264518,-12.8306571996417,-11.4853277896478,11.8054692105913,9.44266526535108,-24.2021422329158,-13.5474858999444,-7.65266166506753,-17.6567879964837,10.1148157246654,0.550519004149565,-2.32802441621057,-0.292031706299541,2.09354057112569,-6.24214930949065,1
-12.7843458873548,-12.7447607871859,-11.3259968724596,11.7861803616399,9.31813768535999,-24.6677412485732,-13.3778574339457,-7.55136493140559,-18.02346767268,10.5586001882538,0.516317073274611,-2.31947946208034,-0.292031706299541,2.07808058379956,-6.21946362785238,1
-0.971757538368114,-0.859862301810301,2.61145033447876,3.1236723071222,1.124059382453,-0.678876186687009,-3.76387384832398,1.45757852763076,0.397585526006899,1.33897371069007,-1.56381522671193,-0.377503243008699,-0.2625504102350159,-0.0249206212266212,0.41113497684127,1
-8.64045910049478,-9.66878891236125,-13.6841395944616,6.18596883540498,7.39441941053863,-19.1336024646827,-11.6356300484755,-7.69556878829619,-13.8978265981985,10.3939171427504,1.26834277321029,1.57754822493456,1.0845501321095812,1.688135896398,-2.84495398482036,1
-9.82505442102721,-9.22282550730978,-14.2595985921417,6.0172946473619,6.32936467621872,-19.8189818085279,-8.95219071159749,-7.54168742379503,-14.1188648469369,10.5417508026636,1.43226792970939,1.72585282658181,1.0845501321095812,1.70752055210726,-4.09955143059712,1
-9.57466229922106,-9.15336803834587,-14.1027718764864,6.04661174671427,6.21088301172371,-20.3638859739149,-8.77857203246194,-7.41848727872681,-14.4094479851747,10.8196653713117,1.39031436050276,1.7298040916597,1.0845501321095812,1.68406299250578,-4.07385571204177,1
-2.23862224442526,-0.369908966047961,1.77645429510255,2.67568785863118,1.83449419801385,-0.962975334759173,-0.491243315415958,1.47792560308038,0.316192138064781,1.13014648418496,-1.30699464468423,-0.166736918429935,-0.2536503963287442,0.0151590212632604,-1.1433427947576,1
-9.09253265181295,-9.04039624894471,-13.7974745003699,6.03851541556808,5.96620250720685,-21.4029168131391,-8.46396612952571,-7.1863755078292,-14.856123673178,11.5863805198184,1.32116655982617,1.74113559593371,1.0845501321095812,1.62879253147016,-4.05335328722588,1
-8.82935922766409,-8.9286556608751,-13.6297209427085,6.0862356342864,5.8492930661792,-21.9191735807843,-8.26164983722413,-7.0709530089254,-15.3579518065836,11.8179219897853,1.27209136353211,1.74680154191934,1.0845501321095812,1.62105238966989,-3.99986076978115,1
-8.57897327333454,-8.85919405880884,-13.4728970076501,6.11554110191771,5.73081553744459,-22.4640827464876,-8.08803351213651,-6.94774606726094,-15.6485074722661,12.0958932259299,1.23014255193802,1.75072984045421,1.0845501321095812,1.59762136835254,-3.97416161954102,1
-8.32860088836825,-8.78972336330438,-13.3160791903173,6.14482097803751,5.61234710799626,-23.0090029136283,-7.91442236630349,-6.82452417207669,-15.9390026942523,12.3739891389716,1.18820420779718,1.75460760918813,1.0845501321095812,1.57424873519633,-3.94845491908543,1
-8.078240669038,-8.72024451506225,-13.1592668578419,6.17407791004356,5.49388683652872,-23.5539329441267,-7.7408158639401,-6.7012888702885,-16.2294437253382,12.6521968313004,1.1462752482696,1.75844007534189,1.0845501321095812,1.55092845004664,-3.92274144947115,1
-7.82789139878016,-8.6507583293562,-13.0024594617382,6.20331419234722,5.3754339072439,-24.098871851647,-7.56721354069937,-6.57804150255676,-16.519835984614,12.9305051249875,1.10435473489394,1.76223176917351,1.0845501321095812,1.52765527810284,-3.89702188761405,1
-7.57755201800709,-8.58126551626339,-12.8456565242928,6.23253182330679,5.25698760960799,-24.6438187771226,-7.39361499215009,-6.45478323655342,-16.8101841919321,13.2089042844176,1.06244185030067,1.76598663639159,1.0845501321095812,1.5044246600224,-3.87129682308601,1
-7.3272215995796,-8.51176669710133,-12.6888576275064,6.26173255148578,5.1385473219039,-25.1887729688701,-7.22001986441493,-6.33151509399145,-17.1004924771637,13.4873857909274,1.02053587929144,1.76970812949114,1.0845501321095812,1.48123260638065,-3.84556677176243,1
-7.07689932873899,-8.44226241787632,-12.5320624040465,6.2909179135006,5.02011249777419,-25.7337337663194,-7.0464278465108,-6.20823797273981,-17.3907644695894,13.7659421584186,0.978636193358608,1.77339928248294,1.0845501321095812,1.45807561131952,-3.81983218698836,1
-6.82658448658054,-8.37275316035861,-12.375270529796,6.32008926518927,4.90168265513877,-26.2787005866145,-6.87283866404082,-6.08495266503583,-17.6810033715155,14.0445667815106,0.936742237936608,1.77706277243531,1.0845501321095812,1.43495058143483,-3.79409346877414,1
-6.57627643636006,-8.303239351259,-12.2184817176797,6.34924780743689,4.78325736701241,-26.8236729135114,-6.6992520739678,-5.96165987257541,-17.9712120192706,14.3232538097233,0.894853521838799,1.78070097046593,1.0845501321095812,1.41185477685432,-3.76835097141465,1
-6.32597461208273,-8.233721369876,-12.0616957125199,6.37839460769688,4.6648362538527,-27.3686502881266,-6.52566786025865,-5.83836021908828,-18.2613929340355,14.6019980426299,0.852969608454831,1.78431598423494,1.0845501321095812,1.38878576213598,-3.74260500983864,1
-4.8528669146236,-3.46568908576121,-4.83555830647772,1.92186300234526,2.35161910622909,-1.45949519977085,-3.82670531942496,-2.61736133003734,-2.81426265960526,0.965681439446855,-0.385884175181753,0.603127128021142,0.0189125295508274,0.565124825956713,-0.695262639845074,1
-5.84352838067721,-8.12096173759343,-11.7562556050179,6.37089534679314,4.41994345577668,-28.4074244550982,-6.21094112120869,-5.60659732565665,-18.7094788213717,15.3658043803315,0.783577593799492,1.79682638880552,1.0845501321095812,1.33215305903359,-3.72227873753244,1
-3.18216808481143,-3.65142656863483,-5.84121800175148,3.36177713733967,0.987277021963291,-1.50528777523306,-3.83478156926117,-2.95430081252595,0.303653111125521,-0.0713403777285035,-1.15585017273094,0.882940442444742,9.85759977749965,0.220694023253282,-2.24588195188782,1
-5.58044712038062,-8.00915938639777,-11.5885435992809,6.41844174657532,4.30309581759563,-28.923755945104,-6.00866000668561,-5.49107326163426,-19.2108964179086,15.5981926625554,0.734573493016404,1.8021491336386,1.0845501321095812,1.32480949279508,-3.66873493861418,1
-5.33014378246253,-7.93964241937325,-11.4317569116986,6.44759140152748,4.18467368942509,-29.4687320925264,-5.83507521523889,-5.36777527618834,-19.5010840750712,15.8769229879536,0.69268841200477,1.80576978392608,1.0845501321095812,1.30173396497076,-3.64298981925263,1
-5.07984568135779,-7.87012194292549,-11.2749725851252,6.47673117996833,4.06625507293473,-30.0137124857248,-5.66149242261771,-5.24447151974264,-19.791248405247,16.1557014298057,0.650807370688892,1.8093709332884,1.0845501321095812,1.27868097084218,-3.61724178604255,1
-4.82955244300835,-7.80059820772759,-11.1181904509172,6.50586178736296,3.94783971729026,-30.5586968214292,-5.4879114860488,-5.12116240451142,-20.0813910746494,16.4345245512223,0.608930080519071,1.81295397464878,1.0845501321095812,1.25564890085966,-3.59149104711596,1
-4.57926372815218,-7.7310714411342,-10.9614103561188,6.53498386355181,3.8294273949908,-31.1036848245812,-5.31433227604015,-4.99784830436345,-20.371513594495,16.7133892350242,0.567056279787444,1.8165201713562,1.0845501321095812,1.23263629519904,-3.56573779124378,1
-7.07736060637589,-1.88484243991678,6.24498710234308,4.70769143992869,3.79256535985687,-3.93287026485548,-1.46047112296734,2.4932276042067,1.672734122106,2.82916799881581,-2.67995024218857,-0.106994395673876,-0.2964817132526769,0.0091462814112417,-2.78301108805298,1
-7.31157981735935,-2.33593332652232,6.50927165018434,4.36008935234848,2.11151686706104,-2.97167900258071,-2.59194964968951,2.29060783198994,1.98761635466291,2.60857946990866,-3.28615008214787,-0.0631678773494982,-0.2964817132526769,-0.130918311231478,-2.75753451251209,1
-10.3848897408947,-4.59238980599474,0.409735840500415,5.80936957402456,5.47939151009669,-5.81035344453706,-5.65785754091816,-0.701882908954806,-0.824203333436328,3.54975512877325,-1.95429995537505,0.371121111209288,-0.2964817132526769,0.553254713878568,-3.75905945636624,1
-2.97131675769274,-2.89525166830126,-4.90809850732764,1.72168007534123,3.02816223099618,-2.88000365579163,-2.54917730779636,-4.70201182527384,-3.8013245024591,0.34404807190464,3.0016850593747,0.8999311755668,0.1154220553469614,0.489035020411905,0.864065471140902,1
-0.913786970583513,3.24508640095346,0.0220452070437295,2.86129223993172,0.675287853392807,1.19993009832405,-0.677096334427304,-1.0245020918608,1.7677604489638,0.885657038258755,0.484758940230455,0.546589339675499,1.1515783618411903,-2.53244529803097,0.0697358066743391,1
-4.74441333023745,-2.73415555507211,-4.93111196829858,3.81354418795523,2.36843367282003,-1.65217304572257,-3.65680265130054,-2.47951355643698,-2.20231792699069,1.72873464521162,-0.90268980289448,0.262201510185118,-0.3059379780280906,0.57656075692479,-2.03389204830362,1
-2.73594037401519,-3.58281002008802,-5.07947908460579,2.57204626116115,1.97582106179607,-2.18273279614299,-3.50054226479879,-4.04629299726117,0.268048730691862,0.0202179180614602,1.66926055335833,1.02642111100453,9.666944792101235,0.196778974067123,-2.37402736257173,1
-4.65280380668112,-2.13317644293659,-3.21861825150599,3.24161746276725,2.75617194535395,-2.06618033324968,-2.24286436771513,-0.775666019840941,-1.51552137985061,1.5548897630737,-0.686196723569762,0.371773459120687,-0.0414406897510777,0.418434531995645,-1.99984603560986,1
0.0383719793321978,0.644549730341658,-0.219143226460215,2.52086280678918,1.1205051770709,0.862918740651629,1.23777331256672,0.0854063439558358,-0.123372251574041,0.416413936043849,-0.655269928208246,-0.159387123973102,-0.2848004450006953,0.0210082653765087,-0.673597550149872,1
-5.32728665168661,-2.83487115980611,-5.09518287931609,3.64394526899047,2.80200512615164,-2.59656116696059,-4.39273243849001,-1.35938947657172,-2.27578851019488,1.69987344643198,-0.124137989024621,0.469211944535006,-0.0422750660547906,0.551001873896763,-2.04241592376479,1
-9.6576265944335,-3.71744992918956,-9.27663556929158,1.28624391005241,3.90739912775712,-2.84012564998452,-7.22000368560677,-4.73866234284944,-2.20605624197635,2.59145816263611,0.17774563450317,1.77446009213068,1.436517869559171,-0.268649222026483,-0.292885036315821,1
-11.1820634139742,-7.06074618169306,-13.3892507167674,5.42094070941518,4.72997415443333,-5.05296813449749,-8.62905440849263,-6.53298227788478,-5.47911745062699,3.13178963278262,0.432054206519352,1.19269353963797,-0.0414406897510777,1.37329957704625,-3.90820579292615,1
-0.895433620751722,-0.121653217684609,2.03119574973193,0.817253270463702,0.0243696057661544,0.0052218157286719,-1.07381224038496,-0.103527023620705,-0.974072997078786,1.49126972926361,0.38676063692414,2.83959610796444,-0.2953692115143929,0.626282771397878,-0.0031590736890201,1
-9.37787845231763,-3.55198400939375,-9.09423129737693,1.36186594394607,3.77974953895486,-3.26304158740062,-6.98477147722078,-4.65207119462111,-3.06995821412732,2.70853541135777,0.132330776389272,1.80787725006384,0.5367820887220136,-0.310518998304807,-0.213356097435365,1
-8.41668121212274,-6.0677981503786,-14.5708366290177,5.62311973109633,3.83978771072745,-3.93711139061868,-8.27784094846266,-7.86265882647354,-5.77887959312275,3.36830621710984,2.41438956859515,1.48359421639379,-0.2001112501738284,1.30023645611458,-4.46710312294842,1
-7.89190877856627,-6.31970750896333,-14.2650559534715,5.48719863078843,3.77960220775921,-4.19729878550198,-8.07709364590223,-7.9540700449952,-5.65131373987331,4.04560138120513,2.8921696850147,1.08032273397717,-0.292031706299541,1.16696149168342,-5.01549098658195,1
-8.05104890186539,-6.54624181523522,-14.3296261567476,5.50567203744754,3.53820204012168,-3.62820236883577,-8.04228514248667,-7.39595692479141,-6.65203112089008,4.14086717613266,2.46384303909831,1.58255593340505,-0.178973717146433,0.900925137512513,-4.67940204045465,1
-7.62865191597326,-6.60046062150676,-14.0646239413114,5.54745334718879,3.36784560815482,-4.45402724041253,-7.88897751950988,-7.53340432942796,-6.80505305303552,4.51835470349753,2.52578492424474,1.69104203001122,-0.2425253789459046,0.635788870982512,-4.91712959933528,1
-7.68780276684597,-7.52436833681058,-13.2772997431934,4.45522984017686,2.95434436554049,-5.11836337307965,-7.09982534281257,-8.52085016639749,-7.28132786701771,4.38289736244467,3.62333181402755,1.55047296606276,-0.1048532888332637,0.473934221832509,-3.6796585127756,1
-8.60475886835984,-7.8335555711125,-12.6243936527694,5.25284201867297,3.6573495649865,-6.73039574613665,-7.7814479532704,-6.55397325691037,-6.31169852901067,5.64943864783758,1.64541389333247,1.19488835625662,1.2473925740508969,0.210214051535782,-5.41628435913526,1
-8.29965953059956,-7.50211219093686,-12.075932061394,5.90271545151069,3.67670318691664,-7.06497672861513,-7.64298306727846,-6.79279505972775,-6.95867914257843,5.77651621042963,2.62662452479163,1.12864107441301,1.2473925740508969,0.303444581632884,-5.54152882782373,1
-5.274865818881,-0.794993881662565,-4.69843344927136,4.42066620155728,3.26606601582438,-3.00002392240282,-2.71918495125522,-2.99583037811248,-5.28343533467969,-5.19836019923329,3.02526099185501,-0.734307916555449,-0.1347517730496453,1.93742140287106,0.658176428693037,1
-1.95887596969497,-1.96530880945923,2.49832484974359,1.15825311047012,0.159743522312315,-0.187726849232163,-0.490697387341298,-1.34126935794233,2.78516254594393,-1.64354066791439,1.4060448737262,0.447180121733859,10.496871088861075,-0.308554718022245,0.94000553101046,1
-4.66257695501824,-1.95980925751416,3.90282478361756,1.99882440095464,2.80433477984687,-1.34615039129229,0.312424168769405,1.00141391934549,0.230307373480955,1.17950120574809,-0.888087464222472,-0.311999618117422,-0.292031706299541,0.0967012906089022,-0.167594341704434,1
-7.2083115791564,-2.04216786301424,6.4435098643744,4.77770088131929,1.84409317018026,-4.05067950821309,-2.42593281501277,2.37529619792022,1.74408581794948,2.84479469928473,-2.88977035831304,-0.176541018596848,-0.292031706299541,0.0099789442639121,-2.45019774688553,1
-10.7870505700202,-3.97652513857503,0.636412737308571,6.94512997633611,5.73008435556377,-5.12630699550863,-5.03186814827248,-1.10421746262461,-2.59124168468427,-0.0147931576652609,-0.688720555143152,0.247912823388783,-0.292031706299541,0.492559738814261,-3.88066304488519,1
-10.7163393018774,-3.05121035544102,0.91859080878698,8.00535147326105,5.73576265915634,-8.09413945532841,-4.74769250131792,-1.14246727231018,-1.93437244067366,0.520539361927579,0.0929734778841175,0.148284201590387,-0.292031706299541,0.500326371108344,-3.10402718606356,1
-17.6206343516773,-13.6913151328525,-21.675483501012,4.02839095079544,9.09528815249629,-8.99685940156949,-14.1681208819376,-13.2568330912778,-9.36009513383968,4.10487145129475,2.9951111673215,1.85426666080646,-0.2953692115143929,2.35233346525926,-4.02618037499445,1
-8.52767862203589,-5.29061006200618,-9.6988394108884,3.85970067435928,3.82376208408163,-2.77893140701488,-7.49227616878309,-6.18087991000233,-4.19534154281433,3.36734230912012,-0.871581688476025,2.45233850455703,-0.2953692115143929,0.776691265853111,-2.87014477203106,1
-8.22556891234807,-4.46628416302479,-8.81578542555918,5.34024166876747,3.96979981229186,-4.11063552027473,-7.34671678644283,-6.77286703365235,-4.38869880914515,3.65809481979987,1.12659865645629,2.41749541196206,1.256153525239883,0.830061638644528,-2.82189458229917,1
-14.5559572107641,-11.2981564915382,-25.1627993693248,6.21476727765717,7.2529532268294,-6.34088353532231,-14.2750918465127,-12.1465401437589,-9.93841155861772,4.51904694695796,0.787578807808201,2.26377035551642,-0.2532332081768877,2.05352425334029,-5.65916161145799,1
-13.602211465597,-11.1412776902967,-23.8156358284126,7.54603279503791,7.38185937432083,-7.58101461744265,-14.4686550955305,-13.5632729563133,-8.19019171984817,5.08369023030901,3.66952343976659,2.24897122592187,4.423724099568905,2.16389776726335,-7.08316933143187,1
-15.4450258118019,-11.435623996076,-22.5416517287861,8.34439167363678,7.67453383416429,-8.53252245892907,-14.2960914258331,-12.3913460034009,-10.9891846672722,4.14594361146639,2.99255446334225,2.33146580801509,0.9210123765818384,2.24509146635599,-6.16723364181153,1
-16.3375959447735,-12.981619145004,-21.090612716108,6.57705643811276,8.26529460055417,-9.42724692838332,-14.1541653609607,-12.3753974432385,-10.8940785545016,4.57174320411303,3.85637474254372,2.01427156558263,-0.2322347378667778,1.79201191700266,-5.85952387304171,1
-13.0441824003561,-11.6344144245911,-24.0190985475902,7.09885431317009,6.87757089846463,-8.96655783136602,-13.6976856184689,-12.3175797238757,-10.3334056561063,4.75051466030858,1.95189049542104,2.15814308370257,0.8535669586983727,1.41506751068321,-6.64877821018697,1
-13.0268638593173,-11.5198609264142,-22.8839985767803,8.1748251681484,6.45582813287588,-8.45140959148547,-13.3802218737527,-13.2515419788937,-11.5088418575552,4.96089229123138,4.03823050489431,2.15375502636012,-0.1476846057571964,1.41104749421382,-6.55776036636164,1
-12.623316046432,-11.589748311433,-23.2415971479491,7.96392808742307,6.64520072606617,-8.45116161458266,-13.542095596465,-12.4322791426353,-11.9497234569249,5.38101952251685,3.45394255518458,2.55794395644985,-0.2848004450006953,1.10192314818996,-6.91207600938549,1
-14.1074642630375,-12.2653238444006,-21.6739867132891,8.19961393161759,7.04773274001302,-9.94646974501132,-13.7429528415799,-11.8478871921138,-11.6430282742756,6.24165891255794,3.20430921695579,2.42746037443776,0.9210123765818384,1.19567086957704,-7.05101582770698,1
-14.9794773489142,-13.3866834395246,-20.2992165093576,6.70277957100753,7.60555947435276,-11.6837061588856,-13.351815018081,-11.7714969677127,-12.4073130564101,6.14765332384605,3.80913643570604,2.19285541971989,0.1148658044778195,0.792690689790115,-6.23216089363823,1
-13.4170122721265,-13.2151722995049,-21.90649321637,7.51992923163014,6.89518136811315,-12.4236347238918,-13.2796997105282,-10.9226551270595,-9.98428744767688,6.61328394324752,1.85246698871594,1.7758908996538,6.078014184397162,0.526505578079938,-7.38370453522347,1
-13.7789556397675,-12.8881582878915,-20.5780220491922,8.80736917876038,6.85495311388866,-11.6710425949575,-13.2116950297251,-11.2903278082585,-13.6167970541448,5.9183066586857,3.11847976563045,2.57196959291347,-0.3059379780280906,0.273328726801416,-7.36845129274034,1
-13.694873039573,-12.8056831898117,-20.5835927904158,8.92511547634157,6.78605830197451,-13.271718028752,-13.0642398936784,-10.9542857275047,-12.7032526593299,6.30238478416897,2.87235363605874,2.47941350799644,1.339173967459324,0.163504340964582,-7.07842395823848,1
-13.9062968240505,-13.6081431627279,-19.7162573051191,7.18360208606589,7.12716532148781,-14.1823387841287,-12.6110036871047,-11.1257390593549,-13.5473021949163,6.26158585106885,3.65678707068496,2.26744826134981,0.3266583229036295,0.062292646721181,-6.29402944276594,1
-10.4686770874209,-12.8357376825339,-22.6088681905866,7.69077191542072,5.80470785195987,-13.2971092469499,-12.15623949431,-10.999792348619,-12.5617825809497,6.33288209288301,2.10273540686125,2.13345628394787,2.100820470031984,-0.694935387398427,-7.57032240879292,1
-11.4706925061593,-13.0740681657723,-21.047629901985,8.7862568391843,5.97513066688423,-12.7884624825347,-12.375374654316,-10.9738046181506,-14.2488465310891,6.57461542943546,3.33103902941017,2.67949007049737,0.2130440828813794,-0.817680255865793,-7.71875064933864,1
-9.88721406724695,-12.6959474039839,-21.7101876525534,8.69861009281133,5.58936163192341,-13.4556359425571,-11.9608660326622,-11.3502438549644,-14.0192907576919,6.72050777097643,3.62971365041526,2.54962823474498,0.5239883187317479,-1.18569550568181,-7.93089996826719,1
-9.56016927087188,-12.7806339362021,-21.5368016259059,8.694896899191,5.3306013514672,-13.7700011356219,-11.898065148453,-11.3809956026059,-14.5945615876748,6.99038924197379,3.51761050964655,2.98955250855903,-0.2953692115143929,-1.40668683562971,-8.09069700355941,1
-9.79801207658904,-14.6764702497464,-20.7406637223494,5.58100899740718,5.1483517210937,-14.2816664432471,-10.7495919949504,-12.675268899047,-15.450467216827,6.34428045616839,5.2283417900513,3.05808183846397,-0.1670143234598803,-1.50896825698328,-5.48612077680694,1
-12.3816058947985,-15.1241628144947,-19.6718814509262,5.66482005292134,6.03766622940467,-16.2980905380446,-11.6767222367813,-9.48414337021449,-14.7166675516611,8.07523975163174,1.16906441801605,2.52511546344786,0.1685440133500208,-1.31088762047629,-6.7953981269244,1
-11.6069703760766,-14.2266980575287,-19.8997264249367,8.25233430637468,5.61099879659254,-16.8672384869515,-11.7939788348294,-9.28695473739369,-14.2637353490007,8.40142101040258,1.24351749943488,2.71404480183882,3.490613266583229,-1.62138568643941,-7.70149868394332,1
-8.59204740189288,-13.0094028057641,-21.0178983428443,9.19493491430021,4.82823533219729,-16.356367356494,-11.0584014244364,-10.6157452968661,-16.1655386244192,7.37804241221284,3.18355894967976,3.14742810473234,1.1757752746488663,-2.45868034756574,-7.90182112627786,1
-9.37385858364976,-14.1101844415457,-19.2362923697613,9.50559351508723,5.29923634963938,-18.6498531851945,-10.8340064814734,-9.89924654080666,-16.701694296045,8.58497179585822,3.10173536885404,1.19073869481428,4.758587122792378,-2.01857524875161,-8.50705863675898,1
-5.16060809721957,-3.22678710680364,-4.69556272249452,2.58984264330545,3.49080495043995,-0.180400575706546,-2.45433920979968,-3.99614471325468,-2.17577809872951,1.30021877705413,1.46108031890323,0.549014458224783,0.2426644416631901,0.504897671691263,-1.14020827768059,1
-6.91763950579126,-14.5571590528859,-20.2545556896053,9.24945923683651,4.39243558567834,-17.8801268207974,-10.3800731219167,-10.3282423879882,-18.0146601306809,8.71325017095966,3.25653448060821,0.598842606268504,0.4443053817271589,-3.01147328474912,-9.28392451240577,1
-6.07398900285949,-4.75830407509117,-9.85592743669396,3.86912437879902,3.47109784646449,-4.16231393691373,-6.5331067689397,-7.71804240456347,-4.74472973694714,2.978121790406,2.04269768780688,2.60144102940002,2.090390766235572,0.421299802439127,-2.16836609501902,1
-4.55566674751092,-4.15583783449678,-4.67466711122835,1.38439373061694,4.35477463025116,-2.77366294436956,-2.87240010922107,-2.90114077639634,1.52563753547227,1.0734990949761,1.29616504982889,0.14465327974064,10.854123209567511,0.423044721673666,-2.43186196584916,1
-8.03661487513855,-6.40337055173194,-7.65470424350142,4.1807791786876,3.18605794805635,-10.8264598371575,-6.85557098142662,-4.55719345408278,-6.89511228298774,6.15577293013926,0.718555009324824,0.91270032192132,1.0845501321095812,1.19369457713473,-2.51647653288733,1
-7.24346097400378,-16.6496281595399,-18.7506411474674,7.81867331002574,4.81815244707108,-20.134992104854,-9.44531478308794,-9.53325705039319,-21.3404780994803,9.28684735978866,3.32675827497024,-2.18269194560955,1.6395494367959949,-3.3818429293561,-8.55011032700099,1
-8.19969002891841,-18.2711681738888,-18.4854603221489,6.15578864849515,4.67734929657245,-19.947726046163,-9.58356643737056,-8.37643882097816,-21.2344631540976,9.84315322329519,1.1266403652792,-1.97719619445615,-0.292031706299541,-3.76537100922261,-8.73967037069304,1
-7.24554959537009,-5.69992228265959,-8.85187850534679,3.61611930403552,3.58682418337431,-4.57202780762531,-6.63622904939297,-6.85681003898144,-5.55143306976649,3.35345148012501,0.936939858866071,2.67446587862872,-0.292031706299541,0.195985145691014,-2.42441402571208,1
-11.5838983872121,-4.07758540918968,0.635694232941605,6.45658840962748,4.38921350258246,-4.94607520997003,-5.84955800710779,-1.4610292465747,-0.184709664717417,2.09815186657166,-1.06302761603247,0.0279349679314103,-0.292031706299541,0.456022723280535,-3.64981179874133,1
-10.9044588731508,-4.56525209408734,0.835639563488731,6.13637764344382,4.09721607443527,-5.49289319668564,-5.4509164388957,-1.13975413041553,-1.66893106391951,3.37511020399082,-1.43960797610281,-1.2778115827927,-0.292031706299541,0.739383212515096,-3.94584260288362,1
-10.7395718907673,-7.14219911358407,-13.5021528919623,4.9559633578155,6.27866584548672,-5.07607019842086,-9.40706094796316,-8.42708279627514,-7.619765445461,0.963031254092613,2.6304759946371,1.03073825203134,-0.292031706299541,1.89971434181658,-2.99209215744034,1
-10.7321089251086,-7.78135276287243,-13.5706825019333,4.89460056642244,6.28337707847689,-6.93438785672913,-9.65660635996176,-7.89812205175049,-3.40909567897227,1.64804777413239,2.59017338411194,0.698359061079766,8.705326102072034,2.300164247557,-3.26067152936237,1
-4.01578678027745,-2.96199570179906,-6.6493577879714,0.935264670223385,2.77896789639267,-1.13813532731484,-2.37959961108923,-2.81588776765893,-1.62198623466478,0.811069300236989,1.08340676372199,0.641593528333926,2.534696147962731,0.418648658517389,-0.912189159098001,1
-8.50943318717532,-4.98092843827312,-9.06907940021057,0.27601659835291,3.65788166668826,-3.75222652688429,-6.40982235504524,-5.36989001074152,-3.029283444673,2.42650326490524,0.874542948076265,2.07000816413804,0.917813934084272,-1.20016496678239,0.183961286375875,1
-5.20830522179452,-1.25028553742691,-5.24911146794949,0.217804800631468,3.36736102310858,-1.14327922918382,-4.58309584545642,-1.81591431259746,-2.56418198278833,0.716241580332591,2.10905264474381,0.490182667533974,0.0403281880127937,0.454851068382725,-1.61115462297744,1
-7.05231095228929,-5.72681709632961,-8.58807007314333,3.88095965427288,3.52572598717089,-5.29744641020372,-6.48911156043177,-6.77397674966222,-5.7152620778107,3.66339525318756,1.14787783834912,2.69817489528664,-0.292031706299541,-0.183463054061235,-2.45703377841015,1
-0.499349578859305,-1.48124586053984,-0.207706529097452,-1.2555927126284,-0.473852105914046,1.97218278594888,0.9221844195147,-0.560471962989049,0.059110489686438,0.355412643473604,0.574335960915453,0.220670430492642,-0.292031706299541,0.123184687838547,1.12245113562848,1
-5.16522922685485,-2.97526724837752,-5.67173864053893,1.20184879823143,3.53221960237349,-1.22946956041319,-3.68263987014104,-2.40492728839102,-1.52814215893659,2.12231379246165,-0.289935891439032,1.18603560532412,-0.292031706299541,0.481018701576887,-1.21304032250238,1
-1.38121354248053,-0.792937990748917,1.1321602098483,1.49395843665091,-0.984171728067149,-0.349001552412107,-0.567380064895921,0.279890165223202,-0.0011121042259357,0.047938380305255,-0.298920455435975,-0.334417439439,1.1679877624808783,0.0466270924243456,0.580415339651519,1
-4.45210024854037,-2.75579692797163,-5.24864639527919,2.06410058377601,3.43824825990431,-1.50359931953802,-3.52152936013651,-2.90790343439971,-2.05973051990126,2.30849245367643,1.16012029433585,1.30787143187069,-0.292031706299541,-0.0192440931269227,-1.56220609694371,1
-4.63463139323434,-3.84391103993778,-5.63549400383391,1.21433549160762,2.96259879138962,-1.37107024042555,-3.95604520140947,-2.05855138409951,-1.7091091066305,1.78649494921925,-0.23930965408033,0.533521286327158,-0.292031706299541,0.571426303828437,-1.69980879955917,1
-3.98562600822203,-3.36401057980002,-5.15759639749234,2.11699770636107,2.88704787664695,-1.85435531823997,-3.78445965821089,-2.60370264991872,-2.23098606430574,2.13243062687771,1.28596139472532,0.609508181503446,-0.292031706299541,0.395451049081013,-1.89551573571367,1
-0.819901849432008,-0.55054534794377,0.874890632270019,0.905586233912649,1.48028602025778,0.647117402910268,-0.105359122514952,0.201150538864914,0.504134851323607,1.05954227713479,0.272698476205832,0.0706328691882125,-0.292031706299541,-0.0728522476980958,-0.765053776949662,1
-1.04370522504569,-0.585778431385528,1.14313007770305,0.756424293386678,2.28193937592012,-0.490799622910899,0.654566719272309,0.399177755263914,0.228750322026116,0.557090903443645,-0.511210088142662,-0.0621660000083396,-0.2953692115143929,-0.0182873480981415,-0.432110564245139,1
-1.16833941780754,-0.433393925731893,0.601804858067329,1.66142517591961,0.141178993422237,1.21968581996397,-0.46034845602669,0.882231823726865,0.855828927220991,1.39000150924187,-2.19176427800358,-0.0837343767453397,-0.2005284383256848,0.0345043694610426,-1.27563149417191,1
-4.82032224395007,-3.50579032571994,-4.40585022452865,2.03698508634993,2.81431415481622,-2.2209073739296,-3.34217599575955,-3.15703267184314,-2.05858236489925,1.44352346510311,-0.208809536741974,0.402729680639885,-0.2953692115143929,0.539668285308506,-1.39330570864802,1
-4.32979551307589,-3.94238290411726,-4.48018356526203,1.49253586483501,2.40165068027699,-1.70382579275654,-3.39426561777896,-3.19904647594093,-1.86461150490967,2.24411874456383,-0.0958074336903356,0.560475065574211,-0.2953692115143929,0.46603094153746,-1.97353527775248,1
-0.126756361711439,0.225933803313285,0.327006411459276,1.9213560843992,-1.06453419450651,1.03116500769674,-0.787372737955552,-0.635321654596588,0.780731181206493,-1.46426898705405,1.40357376229763,-0.392667221970544,2.5946321791127795,0.0605395343366452,0.609133451935087,1
-0.994580854433906,-0.552902906422504,0.705794271683871,1.20919597418592,-0.668358831257417,-0.538883626044331,-0.818803693746743,0.62400331534091,0.0491662598481355,0.524525772902587,-0.73174984602915,-0.0516598862539047,-0.292031706299541,0.0459171449577401,0.128118590882765,1
-3.45519657744236,-2.49561924548174,-7.14032596614864,1.04932705568948,2.5555891530874,-0.612034894995233,-3.53043627008024,-2.46773703008032,-1.99723740081007,1.39436766175691,-0.0017219235416342,0.696954881120808,-0.0315672368238075,-0.405813768055179,-0.98083177624058,1
-3.72454345377605,-2.89261176082088,-2.81560029569659,2.42543608490852,1.96223597455109,-0.903333638062708,-2.38526266137636,-2.01392370780293,-0.286225919411127,1.69422928947167,0.139687230416985,0.493436338989664,4.700319844249756,0.395200622125666,-1.39491838156524,1
-7.54364593187217,-6.24624318477127,-7.33969796421674,4.19421096699453,2.94398521977131,-11.8382692206767,-6.51238933713471,-4.3302948063467,-7.55349651116055,6.86619841481805,0.645904895509124,0.918244480856236,1.0845501321095812,1.17002651560613,-2.4661434402463,1
-7.27986921938704,-6.13490688724113,-7.17167241498026,4.24306897383907,2.82667122820047,-12.3540368689178,-6.30984277729399,-4.21553713481175,-8.05801194656602,7.09219680097303,0.596364320528384,0.926156961108813,1.0845501321095812,1.1596904600617,-2.41298660229065,1
-7.02898027290706,-6.06578236274727,-7.01462170672071,4.27332307326376,2.70785640511515,-12.8985382309124,-6.13603446645473,-4.09288449351717,-8.35080815251842,7.36554648639464,0.554027499068527,0.931958309450931,1.0845501321095812,1.13409509350836,-2.3875673251028,1
-6.77818372152522,-5.99659592015915,-6.85761265464239,4.30340291762786,2.5891035399443,-13.4431145027514,-5.9622614216576,-3.97013003226966,-8.64319279153494,7.63974510878724,0.511761951503497,0.937415595523653,1.0845501321095812,1.10889729755393,-2.36209663777244,1
-6.52746224116063,-5.92735916911943,-6.70063744821132,4.33334117975523,2.47040101557896,-13.9877516388388,-5.7885170305197,-3.84729284231041,-8.93524303241605,7.91463349246877,0.469554313978012,0.942593331002491,1.0845501321095812,1.08402252771111,-2.33658417970129,1
0.578869439330842,-0.150129182778684,-0.119204381070058,0.847752885502341,1.17235508293037,0.901066556872515,-0.795988136674965,0.0134668068434063,1.44886782586722,-1.63244121283891,0.476859902488945,0.610653920616913,6.923932693644833,-0.33607170899039,-0.136742416820243,1
-2.37665364067708,-0.283731283967387,1.59150614830401,3.16182144737059,0.90311745288141,0.75770616494457,-0.158825775049249,0.935791272330693,-0.68980405626803,0.407227280182074,-0.666806394320072,-0.0501076222906236,-0.2953692115143929,0.0610156660255082,0.336769232300548,1
-6.39717031528651,-3.09650359868717,-4.44847225233098,4.22868619369076,3.20091235546057,-1.045286987034,-2.45083242908802,-2.42737307534442,-2.94367757476862,1.38735982061524,0.0346554556282822,0.46919942584802,-0.2953692115143929,0.628544616302757,-1.18174300683428,1
-0.0077912302905812,-0.0450882478448673,-0.868182736046053,0.901644194576026,-0.876737591678351,0.193963067987499,0.687487636238951,0.37715383740261,0.158125823740231,0.417447287721689,-0.0644929660672327,-0.112113509551068,-0.2895285773884021,0.0328380408333744,-0.0795117562857989,1
-4.51012391529804,-3.09509360697848,-6.05331938825344,2.08707599095328,2.82114488798301,-1.95387216540948,-3.1005456578695,-2.12346278453199,-2.58286504391682,1.2176203228402,0.572791028207014,0.594623132460925,-0.194687804199694,0.599482364663208,-1.19123269237613,1
-4.75707449850737,-2.9966693020716,-5.35646454386042,3.19529149873811,0.747478135782509,-0.534379047474665,-4.59661151187479,-2.53549425081321,-2.34099093949748,1.34452078912347,-0.603726269220942,0.38318010845642,-0.3059379780280906,0.510729074882634,-1.41626499933122,1
-2.95382425341893,-2.70501138232752,-5.58579436647491,2.23799063903423,1.17447506014201,-1.05082567399718,-4.38191956749248,-3.30425391022094,-2.35525367110661,1.26397355628777,2.11863332532912,0.679176431149171,1.257822277847309,0.390808552793314,-1.28124261677782,1
-4.05852343611281,-5.45960189444545,-5.60340034818128,-0.572676430720841,2.37853722491518,-2.37265243271278,-2.33027064686235,-2.52266081131673,-3.03951978687359,1.57357807373238,0.860211793588662,-0.723326195587733,3.335697399527186,0.606097322391548,-0.594808638750073,1
-0.931614224984722,1.01029102209398,-0.152470829644753,0.338337780759695,0.0045179679664243,0.605886830263541,0.0443966388940644,0.48306309357216,0.504206377175919,-0.0008912294816884,0.0725498490088206,-0.875146363670133,-0.2810457516339869,1.21458768687535,0.636767742518801,1
-9.98258470738767,-7.14513662527302,-13.691474448179,5.15940136394611,6.25006758982915,-6.31278151817008,-9.15082268467043,-7.56504249195105,-7.93438913772177,0.577609830544052,2.18142273556017,1.17785240817647,-0.292031706299541,1.50551591304239,-3.07307886895315,1
-10.3093341893072,-8.12216107491307,-12.8221770045808,5.17470627250374,6.02903256317613,-6.85088814665684,-9.22585530778592,-7.78732622111619,-6.54507152628193,1.46871292315117,2.64398422133793,1.06131418230601,-0.2943957724933945,0.951130233081124,-3.60587012643541,1
-9.57719439289905,-8.33286306292127,-12.5039309695675,5.17781925521834,5.76318940883843,-7.57235581757844,-8.70787929219866,-7.58649078643175,-8.78323473517424,2.39704134824746,2.46519487038601,-0.175273369741836,-0.2943957724933945,1.19789504657005,-3.74059750992972,1
-9.46613912320431,-8.40315026242229,-12.4480392359586,5.18530347959595,5.70520550718269,-8.67855038407896,-8.6407464115182,-7.30324272860725,-7.77337978477431,2.94820920837905,2.35202964025176,-0.299847070706951,1.5079961062439158,1.14459850910478,-3.68235923846278,1
-0.83148260879597,-0.0492328559624844,0.536817322665437,1.71466918264498,-0.153131026660117,-0.0070454551172806,-0.814309846145704,1.18890675852063,-1.9015116901208,-3.93073139597263,-1.23138550165184,1.10167131666753,4.031567236823808,1.77537805651063,0.887673207764977,1
-5.41958986916794,-3.24510859732028,-4.2850705920981,2.79698655025108,2.33832327000211,-0.851197959645561,-2.82004218823068,-4.18075778829053,-1.34073935355915,1.95609915073809,0.93023918577297,1.20805425987967,2.0709219858156023,0.562238742839488,-1.18446766006311,1
-8.10797466085831,-7.74848004950582,-13.7531307979331,6.34833355148109,5.26658587269696,-7.88593567244075,-8.67967880327782,-6.28830575777651,-8.68237644547782,2.72047248689249,1.50425021091709,0.0777390506575033,1.828118481435127,0.423620329379796,-4.54244738562489,1
-7.97425052332349,-7.86450647898838,-12.7600939511044,6.99121396498416,4.77414774007074,-7.68276685719257,-8.24589788162945,-7.24434047432354,-9.68562145610769,2.79103028235041,2.83699299496563,-0.0905267878788197,-0.2013628146293978,-0.0282517554687547,-4.49567886484426,1
-10.0181060613614,-5.97492543825504,-4.37710568381017,3.46221746352071,3.26492215161104,-4.220359820602,-5.09503162409832,-3.56253351747421,-2.98602831443748,2.40082554709233,0.0802807729992116,0.285831617664336,-0.292031706299541,0.874493632152321,-1.60667229891344,1
-5.5887855765974,-3.55583492739064,-7.45709493793125,4.12754860722303,4.31571103012142,-2.56698081016962,-5.47980167679906,-3.50723062361012,-3.39013454458215,1.81235458422751,-0.440434552920779,0.794372451897782,-0.2364066193853427,0.773625466697089,-2.45125125188341,1
-6.17428834800643,-4.88114292689057,-6.53652073527011,2.3244800653478,2.25514748870463,-2.85139500331783,-4.68638689759229,-4.84969238709652,-3.06523436172054,2.46267526851135,1.71549441975915,0.652941051330455,-0.3057989153108051,0.632800477330469,-2.26877058844813,1
-6.28431406964108,-5.71150474047788,-7.36832064555377,2.17853822878821,1.83721490161197,-3.37945038583039,-4.5403416445233,-3.5632394063049,-1.73494800330036,2.22537994112476,-0.450550113544917,0.78554012192761,5.870810735641774,0.701606041424924,-1.98003348126993,1
-7.14041803349475,-9.33212806886128,-12.1205390025684,5.50800333404763,5.2241240042156,-9.79589773551539,-7.74312234505579,-6.59870406570123,-11.7243461176622,4.54367201286394,2.51343040062446,-2.45714487251707,-0.292031706299541,0.330641897772597,-4.76784222430147,1
-11.090424813263,-6.77833138248069,-1.68547301699574,5.52739306209755,5.72525459149638,-6.09225454651378,-6.94917182528041,-1.70750085360527,-3.20707570564086,5.12575923008793,-2.02888535240153,-0.527474204141788,-0.292031706299541,0.782035950782542,-5.07487063178104,1
-6.5991261303635,-2.8084555425423,6.60936580903842,4.36762905773351,1.84750351109611,-3.4549969895002,-2.4148223375383,2.57237180761341,0.256890458421417,3.38613996883911,-3.60265725092653,-1.39450379366468,-0.292031706299541,0.13221807596169,-2.8557972336327,1
-5.87606732124924,-3.07669858515182,-4.42475717388751,3.81202413104427,3.55473755027372,-2.77732956104823,-3.96968929955842,-1.49528077472825,-2.00195866818811,2.01523346310003,-0.231198386269899,0.29976881646527,-0.2816020025031289,0.55314334331356,-2.34404166261939,1
-1.63514452424164,-0.867899742347565,1.32579410174258,0.790371244425149,0.614977120327696,1.20617786290079,-0.657947690982211,0.0685328870737372,0.917690595034239,1.27139528958141,-1.09619645414336,0.119278777095323,-0.2351550549297733,-0.188814985117408,-0.285692136421657,1
-3.98841505479623,-3.39355348115172,-4.82624611607161,2.99211739124618,3.1284396921776,-2.27692070362638,-3.57039373078107,-2.84378455855144,-1.36238752318047,1.55276821126964,2.15221455770756,0.614968996752659,3.4487553886802944,0.428610084734921,-2.32962885992389,1
-4.71049793587464,-4.17062288702767,-6.13188675183675,4.34222824814605,3.76230638231684,-4.95305045271638,-4.22622469486547,-4.73908378383857,-5.40755361778584,2.22514650025341,2.31416486951171,-0.575924092076688,1.2782644972882768,0.455179270612071,-1.36219775131112,1
-7.46010298330266,-3.28820356526528,-9.87456039324105,3.40359359659281,2.88609147657536,-3.07715801666012,-6.84897793447677,-4.33478342671028,-3.3103166090276,3.26466481012305,-0.531558760456647,2.07638272101207,0.3287442636629119,-1.53765237842389,-1.97759328056305,1
-5.58687312563725,-4.35068531246963,-4.46049463214891,3.17505971028128,3.06424584128211,-3.51340796089061,-2.71873063246571,-2.50204941657576,-0.892144430418318,-3.34843873033788,0.595629103995644,1.22664839880046,19.017660965095253,0.302324354380578,-0.8020052289805,1
-5.28167813117348,-4.00174208524931,-4.44208205885268,3.41675415987856,2.61176184321338,-2.07791115073952,-2.21069105518154,-2.34217826208892,-6.57894786782983,-6.97642000754641,0.254771833248553,1.22479498325958,-0.0419969406202197,0.821381426988655,-0.599508728352202,1
-4.45889502952153,-3.23678401592309,-5.07145010804216,2.41967479633278,3.5617949640183,-2.00718128715265,-3.91467935228848,-2.3433041192933,-2.45952963994058,1.28663756547088,0.22842274838649,0.556894674408544,-0.2187456542900848,0.580495233837149,-1.12586103037287,1
-3.65749040377527,-3.42605225253339,-3.94831185243281,1.20422986423394,0.144562690111297,-5.36530689032661,-4.28352931016896,0.844221069436753,-1.96789279857039,-4.81446073955621,0.105878827218844,0.436390207477188,4.132943957724933,0.0398191045440342,-1.67441524280437,1
-6.23304367078495,-3.25263359468289,-9.51641148491956,3.79494903930385,5.04075120270381,-1.26188334354906,-5.31444220386187,-6.8903177453801,-5.16514055601052,-0.364223121381638,2.59857755637223,0.40134124079647,-0.2237519121123626,0.86607691066145,-1.582300584728,1
-6.22194535944177,-3.55038539904852,-10.441008666182,4.31924127992395,4.83896418696128,-1.88037210743636,-6.04023537903875,-5.07364263456328,-1.90955892631241,0.581573270980264,0.606452965011177,0.578984295739867,6.018912529550827,0.962014797484666,-2.7526105653686,1
-6.35301985790071,-2.30110989675506,-4.86297149937169,1.50188726081003,1.91445404493049,-1.39016888269883,-3.8309980112302,-3.29723907467834,-1.47874061646082,0.68382137690334,1.54523326964355,0.320473875601072,1.1055486024196912,-1.16631532833921,-0.100522731731488,1
-3.43173796295146,0.169572797878818,-3.90149898369755,2.28686855813503,2.79039639060721,0.372364350808073,-2.31695189213093,-3.2935576903327,-1.0875560400314,1.50515204317029,0.79514422023384,0.332216175668172,-0.0411625643165067,-0.952553959120801,-0.533001251290556,1
-6.332512814541,-4.15369240632128,-4.92916202340023,3.41557336328899,1.39818511854919,-2.57697682172296,-5.65326970240352,-1.98360960777769,-1.9916521878557,3.1298519330804,-0.133819199948815,0.417762091477206,-0.2138784591850924,0.394681955439504,-2.8090712430123,1
-4.54955674371782,-3.83477508791878,-5.36934877847861,3.06415614684784,1.11335409263987,-2.98719294171061,-4.97692104108215,-3.17746049642958,-2.2777862276701,2.60772002929222,2.03059193793375,0.662933039629134,2.1971909331108326,0.322854004983613,-1.99733105335741,1
-4.86186658087283,-2.12697274994354,4.08248488419359,2.06757505760281,0.915947028928619,-1.45295546048243,-0.468571538051367,0.866440624739209,0.325713913670098,1.22131743135767,-1.10076358353881,-0.377597095255037,-0.292031706299541,0.099941947375597,0.113219371615132,1
-10.0185024459282,-4.83482799462627,-9.78580026201852,4.8861341982102,3.54601225001006,-5.29092481764433,-7.75128547808951,-7.47716172698803,-5.81050918581537,2.50671895922695,2.68112678165858,0.764265624858483,-0.2906410791266861,-1.48676592030738,-0.749277159995058,1
-6.04339314434942,-3.9905513318108,-10.0756455907271,5.33704802681048,4.98601380361468,-3.83561578178611,-6.11638322304304,-4.7454624675489,1.28962992438915,-0.285760408166142,1.43529381015392,0.276010822180054,19.19287998887498,1.52061262049821,-3.00353243733788,1
0.0160870050482155,-0.0913533730643921,-0.0572786796405291,1.40116573166082,-0.921051995675577,1.26545195854416,-0.61381552858098,-0.527140627794259,1.30199897093176,-0.0855947885921835,1.16443546519237,0.340330752683629,3.729383952162425,-0.0619624216383359,-0.431520921685507,1
-8.66077095912039,-5.11725920989043,-11.0463816554829,3.25884522291112,3.97722223959189,-5.59398556768425,-8.06609609331146,-6.23759654204862,-4.47648804491816,2.94149944882418,1.76361087438004,0.86833985051032,3.7950215547211785,-1.68418604869422,-1.60674315131804,1
-6.4358707376348,-3.16213595485783,-3.65425828769231,4.08304665188122,1.53319383793753,-0.782432259389823,-4.63512694781183,-2.84993079536978,-1.94355185121781,2.52282067569291,0.831623853010765,1.07987140816824,-0.292031706299541,0.612579819202836,-1.85327422572214,1
-1.63347202401986,-0.157696445821874,1.59352878606579,2.75536885087579,1.92856763203456,-0.303850487243895,-0.935863286411531,1.42560550367097,-0.0428479677130716,0.872988038728802,-1.56869755794851,-0.023254784527163,-0.3059379780280906,0.0189358319830432,-0.779175595769242,1
-1.88027540328199,-0.194120466505581,1.52266169956075,2.74331806279958,2.14005681553663,-0.27806547765439,-0.276308752749667,1.36743302249318,0.0412895489552235,0.962830680816555,-1.57707047840184,-0.008996174092574,-0.3059379780280906,0.0270429343018625,-0.966951551053629,1
-6.67997675520914,-3.62477471396623,-8.76078602293495,6.60684578567387,5.26786160380362,-4.85057473189452,-5.58369692598496,-4.3488914455328,-3.26980129883546,-3.4204679837707,1.33293006548133,0.102912553839685,9.711862049784452,1.84130726881613,-2.55869060182863,1
-0.819319364809584,-0.371671945168217,-0.397245548944671,-0.0145876823031251,-0.245676823310174,0.742522413618004,1.37594135044076,0.125852995600752,-0.833350424512102,-0.571085006532232,1.22602219788409,-0.0495024276847497,0.1378111528299263,-0.0286711040907993,1.16942539891152,1
-4.85777667212588,-4.32053577559936,-4.18680753704806,3.28929147538496,1.27720226474415,-3.01875803326242,-3.70174966668488,-2.80150199048762,-0.509995431790455,1.52483716405302,1.1764455977519,-0.511656805196235,18.52663051036017,1.51020648735902,-1.01659168855188,1
-1.11273543930467,0.264544748886681,0.831442610720144,-0.589439741635524,0.881268050432366,-0.271784826118016,-0.324703760782435,1.53341124817574,-0.486364540645055,-0.668973794096954,1.19012126352217,-0.0260547222626376,1.057015714087053,-0.001128278642713,-0.794944156080669,1
-6.16045662030601,-2.85611682977408,-5.30127339068683,0.605760683474701,1.61826162043188,-1.82244751422669,-3.58137450130299,-2.54310504010287,-1.72252312325165,0.78144226309285,-0.09472379272847,0.351792125839819,1.1055486024196912,-1.47876724603751,0.0149633080909052,1
-4.95582330430277,-2.65971794652165,-5.19779447735003,3.86437703955242,2.6215881261205,-1.68250270884931,-3.46236188507757,-2.33994291742419,-2.53938012266357,1.39934474808556,0.288846910516582,0.352456413618901,-0.2012237519121123,0.569730790365159,-1.54788162780199,1
-4.7327675351632,-3.95100289197434,-4.23102187544855,2.75655816357726,2.56070020158284,-1.99412200641801,-3.4119829114195,-3.30608841178359,-1.20904511871624,0.403326526860602,2.69080834203374,0.838760421033887,6.504102350159921,0.33242130393302,-1.44722489217345,1
0.217469760178719,-1.7690597207318,0.24334710955825,-1.31327481447103,-0.651414013964987,-0.168438290153528,-0.0054232908009888,-1.17397764863161,3.07189204639003,-0.0454102784513458,0.68705620239513,0.0426194565214976,7.329439577249338,0.150606446374032,0.61820276215476,1
-0.431690053731737,0.517567879914365,-0.0539606012956825,0.0537401062585881,-1.35655775612738,0.314102907291187,-0.238382663867126,-1.65416180710569,0.694861852921962,-1.30465465035444,-1.55456174696529,-0.665172078751849,4.144068975107773,0.0316326197006312,-0.649377114028123,1
-9.07271093398351,-5.05250236713858,-6.24814535335983,3.32033688288942,4.40680552357904,-9.90665002092758,-4.61075647740608,-6.21155748212485,-18.7508891580107,12.785970638298,0.0515761185277783,27.2028391573154,-0.292031706299541,1.26956635541013,-0.391539743919107,1
-0.498521775750102,0.54318725600578,0.564761098405632,0.894081819978967,-1.03941706835478,1.08787266901823,0.285261608751792,-2.1560365431533,-0.717492197160233,-0.548931183157109,-0.728989760343786,-0.448670516618872,-0.0335141148658044,0.080805437438631,-0.100396732730679,1
-4.46105120749925,-1.87964382107016,3.61925125200524,2.01222598912655,2.19166507997652,-1.42945474072655,-0.487849732811135,1.4109171085787,0.22115947772768,1.13424300279892,-0.443999191918561,-0.367136001490949,-0.292031706299541,0.0719927692746503,0.0344859259841517,1
-6.71387819491558,-4.7117686842189,-6.8238312134789,3.24229293383089,4.66325458481107,-3.22707975693117,-5.17173460782892,-3.27520749888835,-3.02801259904704,1.13723897606434,0.291250739005026,0.764186724577691,2.854957585871228,0.768290751269875,-1.8019372093973,1
-5.59136368933409,-2.89499040084744,-4.9615343155062,4.02857099852445,1.60198538284757,-1.51964988293973,-2.82494562476694,-2.73779549628906,-2.27980740468004,1.63677796226183,-0.136117269757132,0.345920750226663,-0.2532332081768877,0.58959490284462,-1.65763500271185,1
-5.42878849870488,-4.05629261571005,-3.94629958919926,2.81340096831714,1.55375586796783,-1.60105247993576,-2.74355135914945,-3.72718761269833,-1.52089516380539,1.13313858781029,2.30361261010114,0.729827756052255,4.117786121540815,0.41448227186994,-1.49649450564954,1
-5.19918574342056,-5.03202838566819,-3.82052232662867,2.23077826688105,3.51034756034463,-2.58905463865543,-2.22739840581069,-3.94352099869908,0.102485457456358,-0.457654560738072,2.78338340771804,1.09634200952947,11.164372131831454,0.258194100840055,-1.0929208385062,1
1.0275841718551,0.324238886093679,0.120608339589106,2.89138777331251,-1.27393508028395,0.704882217511495,-0.868686295319925,0.256215978185418,-1.19871420021049,1.18975728641634,0.329826631850516,-1.32813178943378,-0.2953692115143929,0.135214945600326,-1.23208864617238,1
-6.42527621352443,-4.99341703829647,-6.34745330751181,3.76115529034876,4.44719176626515,-3.39985157931162,-5.29376010254684,-3.51519716625381,-2.51956531805231,0.185734554774403,1.19160626766329,1.09205113380931,5.623696287025448,0.859281566487016,-2.40010611621824,1
-6.19247526385522,-4.68423332514029,-6.18883415213498,3.92074784640417,4.37690666362302,-3.91758567828042,-5.00744082816051,-3.31693430074553,-3.61444510993627,0.194120636801706,1.23304434947994,0.801312235949018,3.0162703379224025,1.24941367428483,-2.18987113590881,1
-0.472025637126337,0.334532824069685,0.570459827436018,1.15267090326627,0.82637484441332,2.25020963478583,0.196886900487791,-1.24300710102788,-0.58416279009186,-0.257575207100777,0.407187527410462,0.862912790109336,0.3202614379084967,0.0267622260788268,1.01460246273104,1
-5.33871420959882,-3.9433368210052,-5.23142512742468,1.69388472852407,2.57283021584331,-1.00953019777159,-2.28866350030302,-2.619233053885,-2.61424187718441,1.33566696241079,0.397308037124058,0.528421372720921,-0.0767626199415936,0.349191042793996,-1.13549652218517,1
-3.82289410599595,-3.53865023182429,-5.21187516766885,2.21308539346999,3.1020899271543,-0.953509033832342,-3.99337305447702,-2.47535885382925,-2.35601298316433,1.80869795041448,0.933262164554872,0.855138263312025,0.7640105687665135,0.625922215184372,-1.67837405659509,1
-4.62948099682303,-2.9989262562074,-4.60568646763486,0.0897905975142065,2.60516857519668,-2.95549117924385,-3.67771661422902,-4.18037888438458,-0.174061560679368,2.36575487772312,1.58958220191211,0.256559618287662,4.02280628563482,-0.630976512544474,0.174216293591102,1
-0.660967626671015,-1.03963769713185,0.278141865207384,0.317131047127407,-0.39560772252726,0.645789437298841,-0.664683930228673,0.530852433867815,1.0782335690849,0.985632693552081,-1.08122326117298,-0.0163780179250957,0.1131970518703935,-0.0394559687978208,-0.492855874580938,1
-0.264936238828755,0.166830707878014,1.42505965449185,-0.471119606930407,0.567551954604602,-0.530865546585229,-0.85805991589575,0.838120616560385,-1.23457207133269,0.435519332206195,2.50202738858443,-1.00487737851609,0.1105548602419691,-0.0582573076118087,-2.05772382572102,1
-7.49518733635876,-5.51550707258062,-12.2236328477344,3.98335888025187,3.04839203447565,-4.05330668845935,-7.12825076846601,-7.5680148993231,-4.47476383461874,2.34694943137396,2.52496746940249,1.04973156228305,1.425810040328188,0.615256964379468,-2.30982869782019,1
-8.65826843157538,-6.44720227383046,-10.7080182544535,4.03598694267746,3.77557843937585,-5.07444453285381,-7.49878345527601,-6.17333085967808,-5.06598083804842,3.41891065333381,1.88404425730219,1.16861781897539,1.0826032540675845,0.328671522253493,-3.09737916358313,1
-8.45897495556967,-6.28780335064533,-10.5760149147501,4.16471993013258,3.70431215185119,-5.89624545735196,-7.26754953396678,-5.9762209822112,-5.47243601705169,3.56875123426923,1.73797600497073,1.13113028151049,1.083298567654012,0.177810382911191,-2.90973525837833,1
-7.7552536640417,-6.56125741097377,-10.6117146970978,4.31123366835313,3.21126387844398,-6.20067659397487,-6.86166051434144,-6.27661678567251,-5.22094094197327,3.48062317879011,2.19728771323892,0.949568986169808,2.750660547907106,-0.213561786254573,-2.92148438224053,1
-6.94701030902337,-6.8254901042394,-10.564346602529,4.28434595524384,3.25959475409854,-7.05890129814843,-6.94389061823948,-6.16683742461485,-4.93755412732933,3.56342789803106,2.14350179519978,1.21597610572025,3.2368238075371987,-0.514636936427821,-3.79675959454545,1
-5.05382476474338,-2.15530254380865,4.02736603913411,2.05820222243243,1.0804386160969,-1.43290045302393,0.0444153214634158,0.821195361600931,0.391154204412105,1.29119504187036,-1.10727585500251,-0.366507064917023,-0.292031706299541,0.106247471401345,-0.0328285936060586,1
-4.68361969585018,-2.10066651278309,4.13366666889167,2.07627840454674,0.763204840843787,-1.47157796740819,-0.94491647902938,0.908454083367609,0.264947929409663,1.15643107873873,-1.09471647432252,-0.387894980568907,-0.292031706299541,0.0940868179231164,0.248835339320523,1
-4.42919458671376,-1.92527812380296,3.9705869371836,2.01255429562949,2.60593702345612,-1.36702004784737,-0.309218873424363,1.05551393649543,0.151952109111841,1.09486151295003,-0.880812102847679,-0.32528376499397,-0.292031706299541,0.0891401408869493,0.0098722842273316,1
-4.99399178918475,-2.544410418956,3.63919954823548,1.28783908383189,0.706999574201444,-0.180677930886891,-0.835695915134352,1.31536513941655,0.525166986044906,1.07967115744319,-1.53933883157799,-0.332983053581271,-0.292031706299541,0.0001048565072203,-0.168893374133313,1
-1.07499904137371,-1.02533539256113,0.22388685433899,-0.267565092666965,1.50062918076179,1.15550089022062,-0.417898026653376,1.37776850908719,0.698307698659261,0.608590312773943,-0.896071786353489,0.130748607589043,1.4879710749548043,-0.0623612631790606,-0.133341030527008,1
-5.01220235869184,-2.15251889070952,4.15208557256771,2.13577170090141,1.35275258963919,-1.29880532614411,0.092848590126307,0.731437272149243,0.390577698285265,1.29185826269199,-1.22925431837217,-0.346373779572415,-0.292031706299541,0.105948676665863,-0.0383392686455211,1
-6.76663337149207,-4.62691916410905,-0.370333268936992,1.87133052690782,3.35763973653551,-2.29755364869312,-2.99881490434833,-0.868576751992314,-1.35864849113679,2.26827061391536,-0.894893657235367,0.155380926745126,-0.292031706299541,0.373595915880442,-1.31736377078276,1
-5.14182349291966,-2.23120932812687,4.09098324669186,1.99311717679272,0.273983570211148,-0.813563965472736,-0.535839387011391,0.623912780633594,0.487691066602944,1.43530513012275,0.26084733041578,-0.312862941766726,-0.292031706299541,0.114328416432227,-0.536351998021526,1
-5.60634642932959,-6.26070551479114,-11.4083675448063,4.44645597412376,2.39416766551329,-6.75784506920828,-6.16353737959229,-6.52508103976033,-6.48536540922127,2.77308160372497,2.43127449162965,1.30325030896469,1.180642469753859,-0.766848111948171,-3.05349271362056,1
-5.29192495475268,-3.8337413849476,-4.33311795972043,-0.475242891532036,2.50978140392157,-2.33863356144698,-3.61123136485112,-3.26265841898301,-2.12279296550593,1.88647569827836,-0.0095336065683719,0.550540662080627,0.5284383256848838,-0.918888353795928,0.290273064048255,1
0.521483689902165,0.269561809170344,0.306339379229928,3.12824327369048,1.29341829662131,1.98440526119199,0.933215784460268,0.0598689535627266,-1.70128395465886,1.03612940153875,0.223718288348024,-1.03293465200213,-0.3031567236823807,0.129969314476127,-1.24226477538834,1
-2.80191542309724,-1.88617599041763,-6.42673430721498,3.85343274655953,1.90428359307622,-0.945148961205205,-4.00241403073237,-2.34873992555213,-2.98838275644296,1.79064923163963,1.73238175785046,0.746159905151139,-0.2006675010429703,0.506892694941992,-2.29453470924744,1
-5.42936187944371,-2.9328952580311,-2.72734300093373,2.81919063998449,0.301368829965399,-1.07714453940265,-3.24614143685335,-0.953623442669269,-1.19610144945515,1.97552752738073,-0.927124072666602,0.174099465690177,-0.292031706299541,0.0737955599806211,-1.36372387646135,1
-9.50514082568186,-5.63894131284807,-10.0062528282393,4.87129854095106,4.3437434980468,-3.99645439738162,-6.65573446968769,-4.85032315924603,-4.65454261848565,2.42837911824053,0.98258385892977,0.713558821786954,-0.292031706299541,1.09453318209808,-2.74353881589949,1
-12.9914655817567,-8.0991193981365,-12.7343938853776,4.9321986662268,7.18296700883659,-6.44510395393435,-9.44594338249901,-6.36752437517144,-5.69559392853253,3.46288948991687,1.00766725992114,1.06655024941577,-0.3059379780280906,1.37449533233535,-4.32237655329329,1
-12.8754942229841,-8.33770697381781,-12.719207160428,5.34830323951426,7.19030608944843,-7.01949468454197,-9.42484446049178,-6.2999613976222,-5.01584797563431,1.82762056700016,0.844059610296466,1.37693832294098,6.817549714921428,1.27770725705846,-4.38271250852199,1
-10.1935303551514,-8.74597261185534,-14.6687710766351,3.19364784504611,5.41604190908794,-5.16788542660662,-8.16412507731485,-7.36047460938421,-6.44561018266068,1.26441977404559,1.38560952778492,1.26920538901712,-0.1347517730496453,1.44127396787951,-3.2140554159387,1
0.727242085814848,-0.71347376073502,-0.5663900830288,0.389760264731692,1.27462907751277,1.12332029999445,0.0236821347785728,0.348037591565135,1.32623248909333,-0.802528699267131,-1.14037564250718,0.325575470468413,4.62147128354888,-0.120351072821334,-0.546889550453909,1
-5.41749934539643,-3.99521073403213,-3.70070702592749,3.06945315960973,1.8806015528528,-0.487030347865578,-2.32517912777326,-3.81808566437699,-4.32877649482139,2.09615030972986,0.779950535234061,0.163966694003732,-0.2781254345709915,0.460709677482052,-0.985222033510513,1
-11.5340460181508,-8.40966487562735,-11.8875700201872,5.27089100906596,6.30904400603177,-9.52507177254752,-8.57676143258937,-5.45249465771382,-6.98919473439446,3.42199090467553,0.876018768156628,1.10339774484256,-0.3059379780280906,1.35951563156376,-4.62273033596451,1
-11.6080022570993,-8.53775768653457,-11.9390915052116,5.14826254938013,6.34897930341209,-9.74667821737542,-8.68160893168352,-5.36356643348466,-5.93776683170198,3.92110415204576,0.897402406121681,0.954272201927517,3.2112362675566675,1.6499059092424,-4.6849517505833,1
-8.60448620191387,-6.2133552491157,-9.33893779428438,3.92452561357555,4.52299197543382,-4.15338789695403,-6.6528440527591,-5.94548061159606,-4.31321717578502,3.26657425418237,3.18415235636348,0.911427441871296,-0.292031706299541,1.0629681996854,-3.29567366751075,1
-8.44287285721034,-6.35388725151755,-9.5180378916264,3.68473739367705,4.35148149710451,-5.43636546967173,-6.4532473302497,-5.44079518325917,-3.69617839443207,3.25907610397605,2.33675362049059,0.920899033968287,3.0422750660547906,1.08758482385547,-3.04965272773018,1
-8.14932178394224,-5.99567612703198,-9.31500138499105,3.89115992835328,4.22130410784879,-5.66099919906905,-6.11966735264192,-5.37528289323615,-5.55867935318221,2.92854110729003,2.35591891159776,0.875260063301294,-0.292031706299541,1.23869473001415,-2.84892272106495,1
-5.41378669142638,-5.822449155685,-11.1432410242579,3.63194695349796,3.36918605153883,-5.56857720803735,-5.69192578583088,-5.86366171303999,-4.08912766842153,2.60912703784891,2.79433340410919,1.02442283357462,4.010846891948268,0.685517241438814,-3.23990097529344,1
-1.50855714024168,-2.06990438955593,2.27027117814029,2.64006508673377,-0.529805728295342,0.610050626297701,0.999716276092526,-0.328387382736473,-1.62460819938343,0.94520635153406,0.913175997078955,-2.50445018690737,4.196495619524405,0.346717084034013,0.21020202822781,1
-0.429211904447448,-0.133950251206468,1.67998551904683,2.78675032975706,1.03303201224459,-2.09251550244986,-0.284367998317494,-0.928921529997167,1.60002746290919,-1.15597800832635,2.22616065557659,0.48063971759843,5.969545264914475,-0.0213631449369425,-0.796953814299879,1
-1.01691553500414,1.987861862693,-2.04385766822656,2.73722917151503,0.504116141204789,-0.700403917726715,-0.863430853145281,1.15431268558106,5.80253735302589,-0.45806896998712,-0.94351353548825,-0.936989532415364,11.228062856348211,-0.469800301881959,-1.01771714252211,1
-9.9585309187018,-3.93629417027159,-6.38809273753128,3.44611314661501,4.25656448730292,-5.2642653095088,-6.60065448140166,-5.7001414199952,-3.2910408690196,2.63288131193679,2.99317350708135,1.66411901528299,-0.2895285773884021,-1.06573404007904,-1.16811416733417,1
-2.420715975085,0.541699242973355,0.799832475247662,3.83399771227534,0.301977229683697,-2.05920551344214,0.257697090947377,1.50669615001484,0.23246305671161,0.951966571156228,-1.15062735713932,0.0152553539964535,-0.177861215408149,-0.0058232806791896,-1.14364568858013,1
-1.88061870491121,0.369936028027435,3.32156931100987,1.36744244056479,0.382172176843061,-2.31784304058402,-2.26293253493218,0.235476804417352,-3.10694204753682,3.73823496480673,-0.581355690647057,10.0059980130045,-0.2087331386455291,-0.152501562016877,3.3535248599039,1
-3.10393771952109,-4.15635447965382,-3.96062268909989,0.669327345741316,2.20944075185923,-1.40580882850107,-5.12231410931103,-2.42501563217886,-3.45997906611492,1.55496360697718,0.60039728842723,-0.0953083066630984,0.2330691141704908,0.366709355889324,1.24222876512242,1
-8.5520227319441,-4.72309174576035,-6.46540863418339,2.43418142416554,4.921657447038,-6.42149029451106,-8.75277008726404,-4.5340297530839,-3.2275333300383,2.88180518239049,0.174840185624481,1.41047856462921,0.4267834793491863,-1.37870253026193,0.775985124963588,1
-5.96790496861639,-3.37617706712688,5.58611468683053,1.11160176466249,2.05681205985716,-2.60028738169342,-3.9842567303491,1.67973960141233,2.11453088108345,2.36518252886777,-2.24107485298106,-0.563944162060269,-0.292031706299541,-0.447529183217452,0.900489974281822,1
-4.7045087050312,-2.8290982053899,6.02439676670687,2.37836729179698,3.50456779253823,-4.33719968092597,-3.9181998797616,1.85477191713001,0.65374545254113,1.63005630331209,-1.1962847755939,-0.474437304644058,-0.292031706299541,0.0256187202949634,1.21760825458778,1
-4.22036591807154,-3.71748137540216,-2.37242320724166,0.183208447320966,3.71921153916465,-3.84391862443125,-5.03402974701745,-1.69104526842648,-3.00595315203476,3.63344238024837,0.407805060819919,8.28043932580154,3.3266583229036293,0.943621624807946,1.28545810732477,1
-3.50170251648822,-4.09564897273592,-2.941876323532,3.02105161812575,2.42595071598052,-6.21697180605649,-6.06726194524698,-3.5012811030282,-2.00174290819286,3.44895257232738,0.37371480785248,0.825951491439622,-0.0556250869141983,0.229327220125504,-0.836098368778531,1
-4.21175592358692,-5.56794705115052,-2.53235540606601,2.26645647990886,2.71273940377591,-7.0404847120185,-5.94840312668093,-2.63940913979839,-0.248336733243902,3.25389242362715,0.626059293435215,0.450381285220709,8.047976637463496,0.264878381232973,-0.307137450847617,1
-15.3930448312636,-13.540168238225,-21.2979057823155,4.45357956949695,9.41303953977606,-8.39421162258901,-18.0475965708216,-13.30388757707,-9.21900099642753,4.4011941515981,2.27422550991903,2.10234346771868,-0.292031706299541,2.11600444233121,-2.91294270907847,1
-15.2976561861343,-12.0111608836062,-21.3381950868483,8.24614693395311,8.62125508140256,-9.24496345774236,-18.6837146333443,-12.105602245184,-8.42737802930292,5.66724730913206,0.15601503277122,1.99051970513882,0.7489917952996801,1.86957016296191,-5.33807918394682,1
-15.6231873302985,-11.2350479111446,-20.1590474539227,10.3072263079132,8.78878366710272,-9.13652148062595,-18.5536970096458,-12.4279613630565,-10.6340876212042,5.43726336227612,2.58609321670737,2.30988016889674,-0.1871784174662772,1.69360750804844,-4.89164032107494,1
-15.0216572999306,-11.1821254546586,-20.1655673800665,10.2590359766218,8.87947566765026,-10.2022676310229,-18.4311310279993,-12.1863624982841,-10.6326834778618,5.8907352377921,2.50082720798487,2.24560593428534,-0.3057989153108051,1.4129609931535,-5.26890524285018,1
-14.1161560074304,-12.9654812039222,-18.716764511809,8.01082339822486,8.68830799242781,-13.0304552638937,-17.1829184301947,-12.3753337375636,-12.2296077786617,7.10298492227346,3.51795494036344,2.50277241039945,0.3184536225837852,-0.203917328209747,-4.24830701294998,1
-14.094451660329,-13.3207888671784,-18.9124938172188,7.03111476501099,8.46024444901677,-12.8167600806187,-17.003289445516,-12.6616957230679,-11.5432071690832,7.1515323543223,4.00892074227194,2.46205591127559,4.089278264497287,0.104886020210564,-3.49427572506535,1
-11.0301103643432,-11.0923923688428,-22.6679054064789,9.06447791765316,7.15408284221914,-10.0546349530569,-17.1504052507291,-12.4485623424367,-10.317566180676,5.36741605145469,1.9823563171714,1.90903201764938,2.609511889862328,1.1595813739152,-5.32410880613734,1
-14.9529810390579,-15.2399619587112,-15.4869899240937,8.42583167857118,8.03070840755191,-16.760583409542,-16.0603057628826,-11.866730636746,-14.0770860104531,6.72746568826853,4.1300314273319,2.5416369467068,0.7787512167987761,-1.46463002356247,-3.68324217370244,1
-14.224403603167,-14.9246547735487,-15.8416159780561,8.20414440620562,8.38914233451929,-17.6810718207918,-16.4655039422141,-11.683998043525,-12.9816061559658,7.25193622855414,3.81304079276336,2.71535704420309,2.3156723682380758,-1.41660373652915,-4.65932958355558,1
-11.4123295951252,-13.2025771482197,-18.1746174349071,10.6485054461688,6.35722736343626,-18.256576111808,-15.5316111795156,-9.83374302098841,-14.8736579646075,7.35214833905529,0.623796611777714,2.7611570593153,0.1155611180642469,-2.498300252188,-5.4182040716445,1
-13.2478885958622,-15.5637913387301,-16.0445243414767,7.46577999198461,7.61081978841573,-20.4919522106577,-15.5923232225286,-10.3423283585648,-14.0205637048257,7.50878980635543,1.57369789640089,2.96684240389381,1.1407314698929216,-2.4008113496639,-4.33771253089739,1
-8.72864506518152,-12.4389449056023,-20.6850275533272,7.74055544506762,6.98988561330738,-12.9729718943545,-16.218610393127,-14.1298545174931,-11.9077019040753,6.1391827154247,4.85125513655685,2.82343143164188,-0.292031706299541,-0.30737499959267,-5.73105424359056,1
-11.5670059165135,-14.5331616869738,-19.1729963590355,6.55419115286706,7.58874088021049,-15.0763627200288,-15.8357188077344,-11.4674297370042,-14.900688599735,6.48309458751086,2.21175583268581,1.50874842459643,-0.292031706299541,-0.468892515546761,-4.35844142237671,1
-8.65374335706751,-12.618162687238,-21.5851521412337,9.09955188204157,6.05731930477932,-13.1790825454686,-15.7176066468772,-11.2313644545234,-14.1843372950953,7.1919501426236,1.17118873250237,1.08223532776525,0.2215269086357947,-0.997547797965388,-6.24196000276902,1
-14.0295376738875,-16.7460441053944,-15.8335888785336,7.11609059812684,7.42580096307482,-16.9625296493409,-15.5648376012203,-11.1337609764854,-16.1473633736285,8.21302215295327,2.27108150670047,0.1677033350947,1.042970379641218,-0.434620522533755,-4.25065683444105,1
-9.93567958156078,-15.3460988468775,-18.3838524599849,6.71185525207739,7.09318207259894,-18.572307456296,-14.9797547574476,-11.6468338293624,-15.8937882429266,7.76395304621262,1.94169681013401,0.339007373241803,-0.1474064803226255,-1.72206026726614,-4.9888371802491,1
-6.55255368427192,-15.1237521803455,-20.1645422294456,6.20736889019759,5.93465734341534,-16.5826057272747,-14.1750301634055,-12.1725530183154,-17.6404704062016,8.21517673687939,2.55087034384644,-0.907905601256761,0.326519260186344,-1.86583088908172,-5.62023218946632,1
-3.92620731586873,-22.1870885620007,-12.4623149481086,8.90415677106517,4.41999660154863,-30.1773174564996,-10.5923050053728,-6.80988994039049,-31.1973285494605,16.497471901867,-0.567939572890149,-8.75569832116533,-0.292031706299541,-7.26348214633855,-9.46257260540015,1
-8.33476258691073,-17.1415136412892,-17.2709851692259,8.04607504591293,5.90239975502551,-19.6295152518171,-13.5801472568557,-10.1963336944105,-21.3597382791388,10.4325276778611,1.51769533116994,-3.47409650326971,-0.292031706299541,-2.63476129227348,-5.96978174909567,1
1.32288725448265,0.912806096143303,0.752610596119435,3.78754815533943,0.7653541419638,-0.488140038578959,-2.04386838674929,-0.153429555378718,-0.743357877946301,0.0248807914815549,-1.91256263382671,0.0108651916304298,0.1635377555277429,0.0077377190320074,1.0084706473096,1
-1.10869894034456,-0.357616193093852,2.20265154365361,4.82088596439253,0.637766685379952,-2.46406333105633,-2.81888227036892,1.57373987380152,1.36802439952459,-0.365518405631879,-2.10358290329291,-0.110621878759425,7.64121818940342,-0.144582319033867,-0.121356446796038,1
-7.35279224297253,-16.3035376590131,-17.5988535455879,10.4638662754002,5.57362527301538,-19.7393862972953,-13.6352161247268,-8.72814239367754,-23.3805078207357,11.6148005425867,0.169740705598221,-4.88498262418118,-0.2832707551105548,-2.94277507305079,-7.81102238181602,1
-7.01360737195925,-16.2556117491401,-16.6683693822389,11.1908946558522,5.70211147983179,-19.0385383213549,-13.8124040899594,-9.3601791927531,-23.189396512394,12.5721178535385,2.16209864550609,-4.96947772242457,-0.2832707551105548,-3.02199247294556,-8.63039030596902,1
-2.24151634571345,-2.85032390160027,-6.12719357199364,5.95566359407,2.02467408050134,-1.31056140773257,-6.48774641306604,-3.93685691797738,-4.58723460197373,3.54138524292281,1.56212955232854,-1.99809122812016,-0.0422750660547906,0.532896738259478,-2.51675203271071,1
-4.32898899462283,-5.66586179854092,-3.35463814070962,6.67906180701896,2.54083553206878,-3.73181031980956,-6.14705358343033,-1.83900466547168,-8.74811035885579,5.42646054559111,0.148592393859995,-5.68899027177143,0.1611736893338896,0.0230251633862463,-2.8563585144669,1
-0.673818453194249,-6.62569249371823,-5.16021301572915,1.71031444791959,2.17523030559549,-3.80365599543613,-4.38107755793604,-4.25492662033392,-9.62156012711908,4.10787318567637,2.59445276115475,-5.49877168010629,-0.292031706299541,-0.315483570351021,-0.322296771337166,1
-7.58102324741972,-16.6011969664137,-16.0920320589503,11.3451198184298,5.56925817499418,-19.5750661905691,-13.9322487527403,-9.01481328062598,-23.7834698823143,12.864988563015,1.66102935873752,-4.30043186631826,-0.1857877902934223,-3.25598090607432,-8.50428479375643,1
-3.54722989444144,-15.2318333653018,-18.3720191223339,11.1227714331133,4.41705461009659,-20.1346128135864,-12.8935202086054,-10.4020683266181,-23.9286610291615,12.3525186682391,2.43582348553379,-4.35221313065903,-0.1693783896537338,-3.83819790404877,-8.6030380974132,1
-7.38337003956967,-18.9132433348732,-13.8065681285297,12.1146718424589,4.971248707036,-22.8012376947782,-12.6863075224956,-8.58230865037102,-28.0112929096778,14.7063346696674,1.42263161326029,-8.22887409813848,-0.2742316784869976,-4.12674625203028,-8.9609216998511,1
-3.83678146634435,-20.9491915543611,-15.8251362851177,7.04337354768731,4.73958247105186,-22.8652284959099,-11.9249546896802,-8.88010567222989,-28.2151120538009,15.53613332478,-0.129188144339879,-9.11042257588182,-0.292031706299541,-4.38015425911661,-9.48145633401495,1
-7.56013197197136,-0.870997150804889,-3.41027456780471,4.53447860064768,5.20081516878268,-4.59933777342036,-7.80222778971281,-1.50792960088674,-4.42522968507474,5.15109356872598,-1.37551765637273,5.45367185347674,-0.2953692115143929,0.300193469284684,0.0693205728889109,1
0.116303256118652,-19.836148851696,-18.1082610229766,9.5849686202149,3.22323270290842,-22.209874815521,-10.8951335063028,-7.60642457511483,-33.2393281671892,16.6978316913154,-1.24328515722898,-12.6150228644215,-0.292031706299541,-4.62612660780224,-10.8425258685569,1
3.44242199594215,1.78592177154007,1.41821495932655,1.06478463530602,1.36858453419511,-0.0597678482279439,-1.47169658834377,-1.62612941891216,-9.37802517086658,-1.09337687781209,-1.65176618071699,1.16062328833533,-0.293144208037825,0.675524833181225,1.99210961400888,1
-3.79279543594993,-23.2282548357516,-12.8672447953713,11.1254347149714,3.7859770496129,-25.3902293121699,-10.5224940129243,-6.55787310177539,-37.0603114554112,19.1672390103062,-1.25446534452587,-16.9220157786505,-0.2742316784869976,-4.95002186384908,-11.1266235224579,1
-4.60379669207464,-4.4318096317282,-3.00361530529652,2.09180337375362,4.87197985976052,-4.60287793273505,-5.39522117678937,-2.57189156103509,-1.67124403232231,1.1453810871791,0.252273565031692,0.40141574109896,1.7503824224725348,0.516274456782261,0.337798765397573,1
0.240060357919937,-24.4031849699728,-12.9575309948449,11.7374361361796,3.40932261990014,-26.8713387797136,-9.60826735632918,-6.594756991638,-41.5067960832574,21.4672029942752,-0.248828402209821,-21.4537362781468,-0.3059379780280906,-5.4078236392388,-13.4340663182301,1
-3.08774290682652,-4.36310219273296,-3.17202752176385,1.83672705849852,4.28702087961434,-4.49093711758335,-5.40376835689762,-3.53705628406879,-1.54627364241291,1.49695912243222,1.01162645030639,0.773630966413973,0.0005562508691419,0.392337584118175,-0.68274140597399,1
-10.447632938235,-6.68368922880726,-11.6471577741668,5.89860229319899,7.02127774818005,-4.86518400996861,-11.1024933822497,-6.26174085045904,-3.83362344068736,4.0664132778545,-0.507536514254236,1.13721164676769,-0.3059379780280906,0.869694411928137,-3.46376549143694,1
-12.9136317373077,-8.99381088354112,-7.80963509977466,4.68000806392241,7.86446740028511,-5.95770634516933,-10.6498396512844,-7.95409770929125,-4.49084686931735,4.06404334190313,3.83298514230067,1.08908418394041,1.140314281741065,0.969581605226584,-1.59324925133839,1
-11.872845098188,-6.80713525144464,-9.75077638654123,7.44096403590735,6.82579316213884,-7.40451844591174,-10.3997491177692,-6.0441031440521,-5.75721301357641,3.74030556080113,0.0653171492484702,0.957897451629944,-0.2742316784869976,0.318152285707546,-2.19488072574389,1
0.796579962453559,-24.5882624372475,-13.0327849564566,11.8450129100508,3.48195180343701,-27.8558111336212,-9.12834128617468,-5.66036644069929,-43.5572415712451,22.0577289904909,-0.901040817847599,-22.7976039055519,-0.3057989153108051,-5.68233823990698,-13.3201546920984,1
-8.98305216762269,-7.17534972178322,-9.78567719982127,5.36402677044258,7.34365210856032,-7.77640985018266,-10.178995535122,-8.14334226244301,-4.96422092061784,4.35901910783724,3.37971333584943,1.32567239039937,-0.292031706299541,0.184983040876449,-2.94789885841072,1
-8.88487177224851,-7.57563437993936,-10.4451050316273,4.44107935434428,7.00213577397937,-9.55306876711684,-9.95919399367656,-7.18992618738758,-3.5143534876061,4.56964856472544,1.48227743472618,1.27289634389685,4.518703935474899,0.592196918920005,-2.50330396990855,1
-6.10655192524523,-5.11072764247853,-13.5663252216994,6.89095207502484,5.35088988417692,-5.8887158872207,-9.29980722738699,-6.25062921491661,-7.73992801001653,2.87112058054735,0.510570181831806,1.62059124560534,-0.2003893756083993,0.136734308772186,-2.50756869395709,1
-10.242859083204,-7.33437708370839,-8.69777741257031,8.11772427554261,7.18872396524447,-7.51682997724608,-10.6551809118898,-5.50433407013933,-6.33034325040366,5.22219270751471,1.95874993153475,1.24289620552409,-0.3059379780280906,-0.106625180749266,-4.50816689310713,1
-10.1275247811671,-6.86850850672582,-8.6557110398096,8.43198635177602,7.15062516950116,-9.11132629809104,-10.2629840447185,-5.19027103814098,-7.11430284412379,5.2133398229232,1.5604792800844,1.18942283937597,-0.3059379780280906,-0.40233927269736,-3.87564287029742,1
-9.90916805374299,-6.86416435989436,-8.52297487191683,8.41629539413803,7.05106508958574,-9.77552798040134,-10.1375291936462,-5.02255717747726,-6.89983879692634,5.67813391258695,1.52573244095261,1.12847223060537,1.3591989987484352,-0.297556884880609,-3.8797925578861,1
-4.18455528093394,-4.51390660472333,-3.35318018239636,1.18945163355882,3.69471123994721,-4.01392753708116,-6.11044323287235,-1.61471832598223,-4.24570662259591,2.50022390414582,0.0038960221310578,1.32694422202396,-0.2743707412042831,-0.972358289293076,1.16882778968781,1
-7.62871014660448,-4.54693575081085,-5.30462366328046,5.83556642595055,4.69879549591235,-5.82540635746786,-8.50778570734412,-2.55866861696795,-2.91657564356736,2.80929887414381,-0.585321852047277,0.284840710005163,-0.3059379780280906,0.756952562644727,-1.87883185000296,1
-7.32027202211023,-4.45800770078481,-4.25115786762875,6.83580203854396,4.69653339192897,-5.53449117133595,-8.76211333956078,-3.37112471078725,-2.44041927394713,3.34685000184439,1.80401333906519,0.439756764345897,2.2824363788068416,0.824685450418745,-2.7664382829404,1
1.5710801214626,1.07295520625891,-0.122016068028642,3.98782809057201,-0.427567391481657,-0.286957048622899,-2.777649223895,0.908649625166723,-0.0214831582313935,0.650677737498259,-1.6840216339214,-0.173601631022283,-0.292031706299541,-0.0500768352982461,0.508730034701461,1
-5.23161145654992,-5.20833459337633,-4.84799196061678,3.38670841159996,4.54630106888309,-5.92310007493809,-7.76119403219115,-4.71982949844975,-3.8785763388613,2.23275183861699,3.52773827223549,0.632504705856676,-0.2953692115143929,0.471741401676933,-1.46554214173397,1
-3.8114281425371,-5.62467713431414,-7.31140729142311,1.41130357398271,3.51964234486905,-5.14066303982343,-7.221590004268,-3.57140837935336,-3.65794634761755,2.10772866087808,0.795448867520342,0.800538093373868,0.8096231400361562,0.35997644954193,-0.788387529063343,1
1.26814661675691,1.7837390603636,0.8110054093379,5.6175556662941,0.606910821999133,-0.573388195590639,-2.85427542751023,-0.482192055998123,1.93474047501363,-1.67492805871463,0.752760921550722,-0.412525822025647,8.525935196773744,0.0338647378770195,-0.19324423129657,1
-5.76582302154173,-3.51413330486723,-9.56726769048681,1.00873271714408,3.58604242366444,-2.39338766218981,-4.05335784837839,-4.92186514350783,-2.67050327670088,1.08868850191044,1.71709526842855,0.802316031461701,-0.0686969823390349,0.0249284934943241,-0.978625549290056,1
-6.42437211273331,-4.54261203828437,-5.14703878335167,1.83500588341825,2.45371037821171,-4.85540201400676,-4.92519869522976,-3.12942132163446,-2.2869856262026,1.33351901279168,0.520496923051347,0.306598169644708,0.5979696843276316,0.625288550407281,-0.895365545923127,1
-8.7554491326517,0.453505060416619,-3.26143516010375,6.02897499089959,4.43173633655471,-6.67432045600546,-5.14273660303602,-2.06502561211988,-4.12898748860167,5.31338185985134,0.936966154656013,5.55664239133643,1.1665971353080238,0.28712879038893,-1.00525917075425,1
-8.49081262174082,0.566679814004086,-3.09301268981888,6.08132107951892,4.3150759158968,-7.19327456474359,-4.93828359985114,-1.94912326096651,-4.64077020758754,5.52929920087665,0.886746966076448,5.56330066446813,1.1665971353080238,0.278546743051982,-0.950036405131991,1
-7.63696288811138,-4.82077941422469,-7.60471483249934,1.22694819658893,4.17609762346479,-3.74536934909195,-4.61900987976999,-4.14039566725884,-1.75241984877631,2.2756363708417,1.27132193138436,0.870729582435536,1.7051870393547488,0.0700362725602789,-1.7923429718137,1
1.0752476539262,-1.53160798206082,0.0933209955444861,1.30957974749918,-1.39432826167269,-4.05097631587393,-0.220718797789479,-0.660655352312646,2.88008272715204,-7.15904171709445,0.0575510393537501,1.24428677489095,29.25698790154359,-0.39755738695085,1.4603805509699,1
-4.61013844047447,-2.77674714436829,-7.52418833345318,1.53684419661661,1.42841254547618,-2.2739767978925,-4.48267863575862,-4.60271264488365,-2.37713981352061,0.415616496914758,1.31912362938259,0.535541841818562,-0.1529689890140453,0.503418437647693,0.0048472639499715,1
-5.853545070898,-4.89115620289902,-12.62385610867,7.78868440738042,4.22041859352387,-8.63180221299529,-6.40830067684822,-7.08579817642873,-7.6740599401754,4.43991138307409,2.79789150183086,1.77502979034156,0.3269364483382004,-1.16756581297999,-5.31577802250603,1
-6.39337284276668,-3.15812700566592,-3.34889609796046,-0.151513299728476,1.3415717221686,-2.1714541366788,-3.29947236985172,-3.25804634128955,-1.70665765414268,1.3422122564916,-0.917407954929339,-0.0361222946216654,0.2503128911138923,0.250530561357973,-1.98230184657376,1
-3.51284546122181,0.0422275201898101,1.7333815808837,4.17326819444992,-0.408402781057003,-1.67801752213825,-0.929370065771482,2.06985302474878,-0.0797056036973578,1.07309853428207,-2.33518537609962,0.203727978494943,-0.261159783062161,0.0316687807243937,-0.714516675807338,1
-7.12231638408937,-2.27673307339047,6.44364914460203,3.98651893184362,1.84607851719332,-3.43245819570533,-1.96119460001748,2.13101467212875,1.09937770884947,2.99449857558056,-3.68190355226504,0.491337124801356,-0.3059379780280906,0.283689474052924,-2.43541565257984,1
-5.74894325155799,-3.21618771830464,-2.70505213033344,-0.0739425941379643,1.28674925677162,-3.9053561494007,-3.27270458494442,-3.86597568295345,-1.21741649894761,1.92765003845063,-0.716811424575637,0.102081332026183,0.0417188151856487,-0.146101643769467,-2.77014774706035,1
-8.56945415472099,-4.5652600954372,-2.57746443422373,3.24535764512838,3.61264534637429,-4.48472766746064,-3.17193661178549,-2.38820756249222,-2.5063487752776,1.33765782444144,0.0982420128901166,0.586829162500182,0.6382978723404256,0.652673806782709,-0.467555883753771,1
-6.17736456586248,-1.4706452575308,-10.3405128633486,5.20140306725894,2.14393063330902,-4.6565298706326,-5.83973605661705,-4.51052273721062,-3.7671888274624,2.76253994253031,-0.376135682527478,1.58148035659457,0.992212487832012,-1.61279104641522,-1.83619986278079,1
-4.3463476308633,-2.29773425918487,-3.74648955100281,0.394707094952515,1.96148093151336,-4.25070701802015,-1.94444112769897,-1.82040477188062,-5.13367100176311,2.66427399774238,0.267914551538718,8.66466242953635,-0.292031706299541,0.176740004036668,0.215474664930064,1
-7.86280852638766,-5.48742458295368,-2.28474841411287,2.41901198641213,2.96924007367485,-4.87139411498144,-3.05540513135176,-1.93231647481301,-2.12613615926755,2.93522576984167,-0.183180903717309,0.718504287704593,2.1401752190237797,0.573803016490166,-1.29726168422102,1
0.712541142762088,-0.0844995591396119,-0.391051374531861,0.473353567439937,-1.54230486820434,-3.38116824152195,-0.540534807018906,-0.907666065803548,3.7919065488031,-1.64676405421121,1.08428646665042,0.0106634770821352,9.717702683910442,0.715600326403013,0.0951859632710584,1
0.27471029150754,1.71353755281029,0.472995390747944,2.86546277005979,-1.12757349175133,-0.740523666102691,-0.708657345883242,-0.463552709186313,0.142543369971437,0.0492431315858544,1.79092414652793,0.337348848382748,-0.2060909470171046,-0.220401600319897,-1.46369065190782,1
-7.77219735461502,-2.9716952359177,-1.30436979397668,5.32454683526606,3.6195974073081,-5.33060816051087,-4.47804406487578,-0.509866916309607,-1.17199420002259,2.48710339519253,-1.35984389291856,0.262325116604754,-0.2382144347100541,0.451242541470912,-2.6598401542684,1
-7.36463881998297,-3.90674573293228,-0.515302055109939,4.10009796977678,2.99348883356357,-4.075450734554,-3.61312502993317,-2.57763472583711,-2.31743139396216,1.8564996040552,2.35115138243805,0.61824776165619,0.8190794048115699,0.431182443382693,-0.786237923620357,1
-10.0062434296255,-3.8517216648754,0.188469552514539,5.54397248278589,4.51335526006987,-6.16199733475256,-4.85831164395338,0.574874856691221,-1.00550810079405,3.05725030538059,-1.79673863123125,0.109184860912105,-0.3059379780280906,0.476629438597504,-2.95980628236377,1
-6.0205789709702,-3.22455914814995,-1.31075238207209,3.8311119987993,3.36955824955852,-5.16449200355315,-3.46854525803227,-2.61776696028245,-1.85549544374527,2.28498795250353,2.36229077589933,0.382006845522224,-0.2781254345709915,0.296145453458912,-1.56751414502076,1
-11.2218047709786,-5.56914249554635,-1.58833565600268,3.55245370976796,3.27754628526759,-6.0367702713295,-5.89693656310926,-2.49734111017829,-1.52850574519993,2.618584398377,0.170143879416802,0.14317682159778,-0.292031706299541,0.0626546228071552,-1.43355448519874,1
-11.0022890615302,-5.83645272742826,-1.3519003888026,3.59316052421617,3.24943114650197,-6.59628163055385,-5.96148766039896,-2.36580146413215,-0.0474200922292621,3.22594669094366,0.524007524087668,-0.0354907261487421,4.735780837157558,0.420036479941583,-1.77943359731428,1
-2.13515486441111,-1.4294901237515,1.77869660251824,0.774741045624737,-0.375466188651408,-2.58168487999205,0.17909486429195,-0.0553327528802965,0.757011225164691,-0.51942947320952,-0.00202115788658,0.0196494069605455,3.5345570852454453,-0.015551488169813,0.997921025301102,1
-2.30664478783159,0.0856615347524881,1.1657365409567,4.83349012798216,-0.0001211803349648,-1.76734061589655,-0.0543808429292316,1.67272279973602,1.14014880560033,-1.23755547027318,-2.3007976756963,0.30390531321967,9.751216798776246,-0.117857668735614,-1.04635098398312,1
-2.37255179777895,-2.24811517395215,1.75931419392615,-0.283072525739314,-0.482409384022894,-2.97136044013455,-0.690550364277623,0.146399068662885,4.03151344147581,1.13347191665669,-0.391047742407487,0.110814637422018,6.379084967320261,-0.001249817072624,-0.768254682100259,1
-5.87143807802568,-2.31474716368481,5.54086531862428,2.44808047483365,2.22296005779154,-4.31035306214219,-0.407550442912615,1.67987296365444,-2.79237913364276,1.86137334473124,-0.559479810847182,-1.3844768425902,-0.292031706299541,0.387038910929273,-0.276703666493858,1
-4.79973713485762,-3.73965947930309,-3.16695515760391,3.67056244781436,1.73812401383737,-6.39718581511927,-2.84444933585435,-2.69316808210374,1.01773157976221,-2.48482353043406,-0.559132202274595,1.39687206274272,18.25893477958559,0.212663059827185,-1.70337804998263,1
-10.2588514782991,-3.89824038104731,0.167601789076859,5.5218205893507,4.77672033006624,-6.14044483643302,-4.15249885001879,0.458138563036142,-0.932428910444584,3.14191813880044,-1.87401526330162,0.1293716296303,-0.3059379780280906,0.488257738746484,-3.15682655843537,1
-4.68380643176166,-2.64940583024547,-3.03516584667273,3.58461483133399,3.21163365301808,-4.17639013427384,-2.58749931359948,-2.6957897292607,-1.89196555656987,1.53170785726036,2.06569197047395,0.851859435194308,1.5047976637463494,0.269476548870234,-1.54194215137035,1
-4.69278763834241,-2.27152578398956,-2.28614467887841,6.03734512826846,1.51389817939856,-3.7242013893074,-3.68294346446482,-2.68188105082889,-1.79988483348006,3.22201046223725,0.994829500437418,-0.664694294683722,-0.292031706299541,0.668496565754242,-4.00133786259094,1
-5.25425346321937,-3.07403431268054,-2.42153561881163,6.5145732431847,1.05148630261883,-5.22292946625656,-3.47486296690245,-1.84859811431832,0.948701404286247,2.09801863238761,0.952141057235768,-0.843268389452352,12.561674315116116,0.95676878112918,-3.20366608262076,1
-10.5164652105548,-4.07025686324581,0.462929331041335,5.7208466769739,3.39415208597649,-6.01032440449142,-4.5477421854241,0.204079529216049,-0.78188041273237,3.23806951076392,-2.2213838533863,0.0983414697495961,-0.3059379780280906,0.491827823256628,-2.97624905100078,1
-5.38783122686352,-3.52012767367189,-2.28557270821558,3.07984368774547,2.07411645462861,-4.64777987861917,-3.01077173816878,-2.93580442477364,-1.02040664482631,0.938943680000523,1.97974707098703,0.911372759326949,4.491725768321512,0.180859449380341,-1.10599029357172,1
-1.88616230658692,-0.989431189994817,0.978546240489057,0.382608915041756,-0.491112318271443,-1.98975174951054,0.903819349613327,0.0868367239072255,0.298621349163879,-0.124051888133202,0.189130835579419,-0.204158275791025,1.2030315672368237,-0.0195787926354923,0.802052524645684,1
-4.89818303490097,-3.8410981507899,-9.33432947229458,0.9874099790721,3.28282460993431,-3.39016804993175,-3.90687694585664,-4.78744841664753,-2.71955696702151,1.7654516187093,1.50157346167502,1.12053278888547,0.8660826032540675,-0.2354773111409,-1.66018323527908,1
-6.98927231350758,-5.17993471366321,-5.99533723596091,2.17990251484867,2.86702850008408,-5.0662827181354,-5.25999613299847,-5.49618760977607,-3.49034985781286,1.18363142021427,-0.167199797868911,0.621621663049365,0.2426644416631901,0.853791839587473,-0.717418480774938,1
-3.82826817896473,-4.50131480977758,-7.5509680917538,1.30580476704534,2.09307500991474,-4.50994688793757,-5.41888894354848,-6.36649950945483,-2.64339761889288,1.94810044909488,0.152892032043683,1.17803195025635,-0.3057989153108051,0.643094248950207,-2.51535570266591,1
-7.13215063894307,-6.56465926230671,-5.5220880540876,1.7722054455123,2.4507521592725,-6.37462362059635,-5.69407428254804,-4.59657658277775,-0.362577080151496,1.74636046414013,-0.663370800920003,0.857941843268412,9.81657627590043,1.13082816380553,-1.92735886131488,1
-0.729706928009483,4.03143505114991,-0.10294607389286,5.15352461752314,0.983646778914785,0.206093981663422,-0.578913742704862,-0.842769191467021,-0.63503285991319,-3.95232008590575,1.06015422605258,-0.664263125989277,0.0065359477124182,-0.513880222506685,-0.234785699547585,1
-6.96497247579046,-4.25071651144568,-6.41953891153561,4.54477220840185,4.18216236800046,-3.70741371980754,-4.56367473788251,-4.99733165466689,-5.06311826997904,-1.24493887246577,3.56973257751778,1.05973707375805,-0.1905159226811291,0.877423851434985,-3.19015819504631,1
-7.91498900748283,-5.41603688884657,-5.8569977597527,2.20471352581391,4.49792897288062,-5.60714499999017,-5.01960988798824,-4.47201433366572,-3.45420147180469,1.1001181155631,-0.17381402447058,0.983480729453912,1.370324016131275,0.851798305715368,-1.06501551547524,1
1.06526242773606,0.217630453611954,-0.223768268609043,-0.203459370656895,0.253931337415353,-1.9846657222602,-0.0757071123077077,-0.911031401859836,-0.0765478971696953,-0.751792062726136,0.477521452443793,1.37751532224779,-0.2963426505353914,0.356855911523477,0.756307218859539,1
-7.67225031168781,-6.42823083022309,-5.70117436362661,2.20188352154659,4.22915426403483,-5.87728864550113,-5.29231414644205,-4.30705980241373,-1.24510634194653,-0.228062380877632,-0.193132205838334,1.4416222749673,9.751216798776246,0.726781012281488,-1.89998665663916,1
-7.44529583374444,-1.34755671450971,5.66542906834794,4.63241097983647,2.68057817990216,-5.03910474036957,-1.4629451764881,3.13965565883069,0.980940271596384,3.2529263650346,-1.90979861946686,1.40452405829287,-0.2952301487971074,0.16966196162803,-2.09904890456221,1
-4.35043446756499,-5.11297108805175,-8.07801049835537,2.50200470213773,2.9456208658257,-4.6562480902453,-4.10212741074135,-5.03744940979325,-3.4856795852374,-2.72266032465254,0.596696430089622,1.1388759328635,7.939090529828952,1.21515161370172,-1.11626798693717,1
-3.5181311704857,-5.16533081830893,-7.9253889983055,2.33504453116197,2.94293916487767,-4.87539667887196,-4.12572224190365,-5.10447983930312,-4.08230817063438,-2.37033515007664,0.71833237368083,1.32521840044042,2.4149631483799188,0.910590643802817,-1.98635950470675,1
-0.658246292064356,-0.159325098707444,0.653662125212474,0.116771978233793,1.20030360709416,-0.494132199415659,0.281744446861465,0.0562273489244218,0.438495665220681,0.76676154669164,1.02892683645358,-0.284412898740297,-0.243498817966903,0.0991446312768992,-0.186207089214194,1
-4.71552123988097,-0.0451253297662453,3.87161756353604,5.39079309979716,0.195839103876469,-0.434086817238467,-0.629085830718882,0.497433587465913,0.22196254547878,1.974141135114,0.506039978517755,-0.0386896154666322,-0.2953692115143929,-0.160201937224867,-1.38705405307029,1
-5.15247483394519,-0.423783865294484,-1.64650484628376,5.46368064632147,2.37587561688329,-2.51513548140496,-3.24482729860534,-1.02204502568313,0.759218697057941,1.86341353532436,1.81901276401306,-0.393089990476079,4.207898762341816,-0.240929959465545,-2.29392142249704,1
-6.61909019992345,-4.93742665954554,-7.16504438660351,3.40195536781235,3.72393253444097,-6.14848744863103,-4.60317614883077,-4.47254755736649,-1.35870798100218,0.0992494427033949,1.93037970885184,0.861308008231813,4.1442080378250585,1.03601138278301,-3.18800116217364,1
-4.2672960668817,-3.07555830950402,-2.81990611139418,2.55505843390024,0.997448763245357,-3.04963701906308,-3.19191476820242,-2.91646262843242,-5.98564011625334,1.66171286952217,0.32519494288717,-0.812097797287015,-0.2781254345709915,0.822713228036362,-1.12029227657092,1
-4.57126773103714,-3.75405392305562,-9.25063451000699,3.37300132781874,2.73157578227581,-4.74988736419275,-3.48937464729063,-4.23908653141223,-4.17231457141019,-0.922135693038651,1.98738627690236,0.7867870185412,1.7076901682658878,1.05544197476733,-1.77583268078792,1
0.139567417265152,0.955004466801798,-0.798201084554281,2.80535094114905,-1.70222840135659,-0.488926009348227,-0.240056328492088,0.372379299123525,1.29501591974452,1.37376948070694,-1.49715223294239,0.105593015789541,-0.3059379780280906,0.092123881011537,-1.69582245589888,1
-7.55572894101666,-2.73279196653765,-2.11442919291931,5.44805969239449,3.2740753098509,-3.83751827706316,-3.541687479312,-0.642332574056763,-1.8085744418815,2.07443887131076,-1.17779250651196,0.289861124197445,-0.292031706299541,0.500995608471866,-2.03263824879436,1
-9.26612018494559,-5.6536376856402,-5.70908680498665,5.03698507739508,3.94231582587852,-4.24271044395109,-5.8837243606062,-2.20564448269106,-3.44915850302961,3.31249456257958,-1.55653021213315,0.72741506386268,-0.292031706299541,0.514645779891103,-3.62333368933656,1
-3.41515194777416,-4.61450773315675,-9.26164098662644,2.40003149118237,2.71069667870109,-5.41208501568175,-3.15815569757752,-3.75103073303678,-5.83553244176087,0.364541282922338,0.606570797159568,-0.648259076792221,-0.1821721596439994,0.580486716857456,-2.82828664079509,1
-8.89372633557037,-4.40092985049667,-4.3689859085708,7.23205827524957,4.21321289394162,-5.4638107839612,-5.73781516761686,-3.28178373472677,-4.29983258601582,3.67657741239774,1.60929290421203,0.713906864071022,-0.292031706299541,0.485864026565305,-3.65106703430768,1
-7.46296062676276,-6.54098852025393,-4.47240325411649,3.53337387196109,4.4045784815908,-7.61665422068905,-4.93815929027047,-4.67103153190135,-1.32937156302318,2.94382338959853,3.49006859270908,0.652683371514066,8.977193714365177,0.519806551904182,-2.32271560874193,1
-7.11387278226069,-7.04922935969585,-5.05600998750159,2.05206440242466,3.9168025570096,-5.86643956435658,-4.48127959922503,-3.83955997447082,-5.03655575494585,1.65851450876035,1.14847293881065,0.641210915884323,-0.3059379780280906,0.78012548401824,-2.27463004673333,1
-9.15095100562097,-4.06309810827338,-2.89255533222526,6.00941477810058,2.94119009271712,-5.64734296336341,-6.15136219091534,-1.95229039984463,-1.81930788593969,2.84902401493181,-1.56373996709776,0.407260461266497,-0.2895285773884021,0.648704799002062,-2.81988277297887,1
-4.94261241607845,-0.628463195272087,3.70206529090756,4.50891315092218,2.22079491381924,-3.51573007711281,-0.741087888346352,2.24421577907161,1.0574804459057,1.90580604250552,-1.95006033191067,-0.144713035559334,-0.2750660547907106,-0.0137115779366071,-1.832603814167,1
-11.2723158701978,-4.85148719411703,-0.0529325394075147,7.28365703710757,3.87116530391397,-6.54038835224963,-6.88763735718558,-1.68983647758912,-1.86591081008961,4.25118050159519,0.242162496030838,0.415436545379518,-0.2952301487971074,0.566369687106408,-3.86824834701295,1
-7.03588005080407,-4.91934829935247,-2.51518280017187,3.24751301512342,3.05365441815753,-6.42385558221477,-5.29781140208753,-3.83618852542499,-2.31222288290759,2.79541433019956,2.32892697361116,0.647714388377444,1.01265470727298,0.152875890788003,-1.89600096481329,1
-3.68882599540221,-0.887241636246378,2.34702289955703,0.694992040498764,-1.59425779202416,-0.748406253034646,-0.338775118165825,0.526946020771924,-1.69780121912626,2.62973923034009,-0.736110693106424,6.21551399149032,-0.194687804199694,0.0154338685560936,1.72418428025944,1
-1.80810297319338,-1.44537495699985,-4.81586301103402,6.24946176104187,2.11390001406861,-3.8297616763406,-3.25970246526323,-2.98692008764678,1.8584248531717,-0.408409922870926,1.70168502365985,1.24558218578459,13.548463356973992,-0.136243382191672,-3.8383988155266,1
-12.4579989307142,-6.28542447506796,-3.24368593233723,5.30453432323767,3.53614548208968,-6.02353363697249,-7.95962843222551,-1.42413127138773,-1.53081679187472,4.36280068444382,-1.80233249695937,0.397954323754442,-0.3059379780280906,0.847219840332403,-4.03702140926181,1
-8.48579450596077,-3.20243612238872,-1.37262938444618,5.34275900861121,1.99136063471588,-5.43501891203698,-3.98641621648026,-0.66613426737281,-0.898701853990691,2.72680028914035,-1.46691055321726,0.209086136071647,-0.2838270059796968,0.468180887290157,-2.74849590498127,1
-8.63629739365259,-3.41920738405664,2.13460635695284,5.92484984705884,3.69317394224412,-5.45822994652182,-3.97843975507806,1.17488417316765,-1.67786998770016,0.727831411106392,-1.25758897993879,0.41747174595057,-0.3059379780280906,0.413291188715315,-3.17726028894586,1
-3.94196510459461,-1.87333085278999,-8.15282937205818,6.31066097414859,1.2038344844503,-5.11165783900784,-6.17262991831307,-5.241049107605,-2.90207924674704,2.71585507956703,1.93548375407006,1.08364021161907,-0.2953692115143929,0.351567637719089,-3.62769814154945,1
-6.80009808768536,-4.81640080035747,-5.01790786864794,4.01673095104413,2.15579608547647,-6.55616794880279,-6.28512495176061,-5.23960438819297,-2.65013722169089,3.68287614423407,2.8686028948655,1.18557978155236,-0.2953692115143929,0.718789577961977,-2.9468895392379,1
-6.74556131619148,-5.17565967956169,-5.55806727496643,3.12145858452036,1.92718574923744,-7.60411417332843,-6.01115469172088,-4.3251322468452,-2.38502692521029,3.8467996764866,0.971906321717639,1.09640466568909,1.4000834376303712,0.577051520346345,-2.53050724987995,1
-10.2667581077355,-3.89016924226376,0.113665405648114,5.53125220648323,4.7365938426554,-6.13477982463031,-4.16211519175474,0.513470571003558,-0.916696277644188,3.15208420536211,-1.80557671393198,0.124235616370838,-0.3059379780280906,0.485186935489591,-3.15801423516395,1
-6.45502910306118,-2.63744174460075,5.5802092523309,2.65053018469314,2.85877650156878,-2.77490691587532,-0.553179939159781,1.32383297549701,-0.118841441826044,-0.0254646126717458,-0.13769358207354,-0.0480610880626297,-0.292031706299541,0.0119702494393591,-0.932772843574534,1
-11.5714234295766,-3.23543895742654,-9.28518598266033,2.94294608011161,3.34180192747217,-3.90822884348162,-7.56286042898412,-6.18091869945618,-2.87415473251562,1.42110000741665,0.685510860299876,-0.140061995134615,-0.2906410791266861,-1.80988612030864,0.963674230223562,1
-6.28109364908023,-3.26300672553831,-1.38555652893852,3.81839172249665,3.59279683214404,-5.13727449343089,-2.77234880583364,-2.67917124597012,-1.76668362059541,2.37982185248504,2.3534526931986,0.397057600980957,-0.2781254345709915,0.304702950350999,-1.76572209782095,1
-2.96920095585607,0.398155064675901,0.671240576431668,3.89355597724996,0.613867739096179,-1.13300871289587,-0.0225614827826197,2.46444980239245,-0.498200069408129,0.74533277919767,-1.61692658827377,0.0392894902587427,-0.0641079126686135,0.040853819187149,-0.667939095579291,1
-4.69115085524464,-4.48548270396242,-3.48343626722796,0.119476214172018,1.90399926160786,-3.43051589218087,-2.64421945060054,-2.55325078310516,-2.80898761953492,2.18791662800118,1.49032876283779,-0.0732053058243562,0.389375608399388,0.144464860203719,-0.556684932588288,1
-1.18166939064494,-2.79633153858609,-4.446191868553,1.44979237466742,-0.448793725596362,-5.77453045690806,-2.56260240774572,-2.3025956900034,0.849686456067088,-2.71426804459821,0.982728632705372,0.22052629481591,2.9934640522875813,-0.054987627978561,-1.3156463890999,1
-4.25246559869278,-0.373927299894818,2.93448122378549,4.61740996943795,-0.688453906925825,-1.77610127333886,-1.46320692427849,1.73287279987949,-0.0409701223190008,1.06959286384179,-1.92330893857582,-0.157868695659099,-0.292031706299541,0.0422777637492948,-0.217705276444853,1
-4.97811801438515,-3.50892466189359,-0.817261404200648,2.58803264715889,1.43932206570096,-3.07142054904521,-1.95992749618623,-0.99747745136418,-2.58841817664644,1.65909255408015,0.0284845308917937,-0.934126824870286,-0.176748713669865,0.150155943031014,-1.67017275749754,1
-7.62431631397779,-4.75993137385013,-6.71717654755023,1.63696695878653,3.64225693939881,-4.75915831591909,-4.165202322571,-4.07999232998846,-3.14473247208576,2.55133767783118,1.35674828969143,0.837685440079622,-0.1571408705326102,-0.348107405939032,-1.69254135414833,1
-8.76069451926062,-3.99178463209724,-6.29347862779442,3.6017196361428,3.73703768128326,-5.99629608663308,-6.15018666957144,-5.14563785073948,-4.39685932040737,3.32956068110382,2.99524475453849,1.71963125994928,-0.3057989153108051,-1.93747284570186,-1.67588392283112,1
-8.72449560202264,-4.86874726825181,-7.16443030217363,1.84411148322924,3.35972193954249,-6.31645312939344,-5.96916163430263,-3.93938374023711,-3.81749461717225,3.83594330652809,0.235226841085862,1.63662230588548,0.4968710888610762,-2.04240272642132,-1.48212104737573,1
-14.2668362798028,-3.47341070390428,-6.62696817708246,6.50233023566696,4.56919375212135,-5.79973605389345,-9.32115263136084,-4.06620855488173,-2.16785950480668,3.19993870654465,-0.215409738450978,0.47666042483552,-0.292031706299541,-2.64910674899003,-1.97723831745674,1
-13.9694706254616,-2.49756054724841,-5.96998693103967,7.78363417666419,4.60417047790948,-7.46043319687438,-9.0019148555682,-4.49162922501012,-3.11047619254795,3.29943622098785,1.14778361222539,0.540730752300116,-0.292031706299541,-2.65182487459349,-1.57436284547485,1
-13.7256846134361,-2.4112720149303,-5.81091981744958,7.76324179132026,4.48003526995735,-7.92650660758866,-8.83250972518326,-4.3896876778022,-3.4745494647169,3.74859690056241,1.11403305037529,0.547096801357099,-0.292031706299541,-2.66476709501523,-1.55135158957203,1
-13.4817046750119,-2.32511344137919,-5.65176527245489,7.74321514676806,4.3557700196603,-8.39242279138696,-8.66303057554101,-4.28795983864998,-3.83948656727606,4.19597576169878,1.08013289303778,0.55418499648198,-0.292031706299541,-2.6785437691689,-1.52844823748652,1
-13.2375585139603,-2.23906626105695,-5.49253578625626,7.72350199432307,4.23139330449617,-8.85820420925725,-8.49348798082106,-4.18641517783122,-4.20516409588397,4.64182734988813,1.04610451099676,0.561892173950775,-0.292031706299541,-2.6930356893785,-1.50563737438727,1
-0.142098601080574,1.28016674259048,-1.27478714656577,2.62028192286183,0.470864719590572,0.733222065309853,0.43554195900858,0.828290651436422,1.08601442622803,1.31042652386526,-1.48943421708841,0.229936134951611,-0.2715894868585732,-0.29759539535716,-1.72433297471822,1
-2.33279338224807,-1.47497416110315,1.46805197816555,0.75975906867787,0.0110374511201705,-2.0968875375015,0.483019027615191,0.461206283587447,0.482534011071884,-0.843910597775511,-0.45793403989618,0.133814675110081,4.67181198720623,0.0026541572433407,1.04500741682416,1
-1.58334340543936,-2.12045759469323,-6.16763653803023,2.24659736005894,1.86359573670074,-5.04767906023322,-3.62025176254298,-1.20229796977375,-2.87346326933044,3.16472117285823,0.0135877061935761,1.16724379365826,3.140870532610207,-1.74255751463748,-2.86198599107206,1
-5.94500331282299,-3.35647371355361,-3.08227352537105,2.66010705652321,3.64647783754223,-4.15914819129688,-3.00268415590657,-1.47563951431173,-1.62374005926978,1.40345824321907,-0.300930778531616,0.564449516452437,0.4084272006675009,0.507369852566067,-1.13204414952948,1
-9.86137210765166,-4.23098383571181,0.591319064375358,5.62048638535855,4.43631907416962,-5.53494116176501,-4.50380121641622,0.269281953090911,-0.907188472777421,3.69877241384725,-1.08520791024384,0.319260753518317,-0.3059379780280906,0.488409527815439,-3.74764612466131,1
-4.39363360177944,-3.44381902213252,-1.8597389700645,0.236995179253694,2.21400028680889,-3.52202432215688,-1.6898355101423,-1.17662872177405,-0.279312556848985,2.21907469290599,0.38526260953691,0.364130240632527,-0.2953692115143929,0.17192919537209,-1.84992742118892,1
-6.1061832734711,-4.44148408070017,-2.08406707082134,3.24681566349703,2.94437484242405,-6.45930280667571,-3.80546898374331,-1.55596289626148,0.288223321921388,-3.48813018118561,0.0833797227600835,1.19117480721903,20.62202753441802,0.152946864261687,-0.734974617920653,1
0.984993219111346,-1.13445381068391,-0.0524194348357059,0.163310074791927,0.71387764641859,-2.6167089860612,0.979674835308759,-0.934615796103053,1.50157983974791,-3.93591892431521,0.731998749113651,0.70267203994139,14.949103045473509,-0.170947427341269,1.51974319879361,1
-5.75721608217278,-4.02912871953916,-1.90901678581052,3.72843914957409,2.52894302060173,-4.6962865237175,-3.308721722205,-1.54755182348258,-5.83145156036761,-7.44901515872674,0.136722438174659,1.17657484784395,0.1807815324711444,0.704914653621431,-0.6462025802667,1
-10.5440113995705,-4.70757080611204,-5.13308149079721,5.9675870384467,4.90581986504193,-5.84511195572955,-5.20837397192841,-2.1335934878907,-2.68876058357809,3.04150237620527,-0.819371096333784,0.32976014592914,-0.2122097065776665,0.821047585911653,-3.44759589638668,1
-12.451498657048,-5.57641879575659,-2.12802655387511,7.1435001202707,5.78365443891613,-6.81479843997791,-6.11770391144604,-2.2558538072409,-2.30668902092068,4.67255275192187,1.09382579750391,0.566848531943877,-0.2952301487971074,0.760541928111246,-4.94405415592679,1
-12.2891333850899,-5.25809597551632,-2.03970261739192,7.3340585164719,5.71631869503674,-7.97393924909553,-5.81040712597652,-2.02073438121173,-2.93585569967936,4.82706041999945,0.832574035012694,0.535619750720892,-0.2952301487971074,0.55888099608345,-4.54472224374179,1
-12.0438056158463,-5.17281182346005,-1.87992827944447,7.31648729995658,5.59112619350265,-8.4385670664835,-5.64041745782421,-1.92055816814255,-3.3070357352934,5.26231210944906,0.797641375455208,0.547789786518153,-0.2952301487971074,0.539263072143882,-4.52258362448849,1
-8.39657296658687,-3.92650993997042,-6.64248226272335,5.84296995871769,2.75783745850663,-4.72236322125,-5.43735368941346,-3.01429397773507,-2.78519836554505,2.61710490740972,-0.820354414754465,0.360500881641394,-0.2517035182867473,0.799459945626899,-3.04402909749745,1
-2.95416672265135,0.228849430580481,1.71451073880902,4.17351574396431,1.70189470812283,-1.99493428288271,0.144622386270367,1.88941745516528,0.572730531134135,1.36307703789779,-1.59744021309102,-0.301001481390408,-0.2622722848004449,-0.0066294488588389,-1.55183852136659,1
-2.75755676655084,0.259411077154011,1.92934969114042,4.23315121365749,1.45123754814542,-2.33346899289515,-0.280523276849375,1.58746039125258,0.716025067921391,1.32562957435462,-1.53016232603362,-0.152130790009807,-0.2077596996245306,-0.0266665673926497,-1.50234450491057,1
-8.5604228759795,-5.9548382969224,-4.33599801203682,3.10990342442989,3.58639450927204,-5.40902719870311,-5.51714762692598,-4.87824808848093,-2.07334746311485,3.10670266443901,3.0573817418767,0.773960867519738,1.01265470727298,0.675066703315442,-3.01333057190308,1
-12.4567059527055,-6.64615382952148,-2.71855972503703,5.71608803673092,3.8278680907164,-7.12405297794577,-6.51864882248249,-1.28314500024635,-2.26189690158112,4.60150558710842,-2.09738547120766,0.602290585417557,-0.2952301487971074,0.57339303199888,-4.4419416151592,1
-12.1565865835299,-5.5334430286147,-1.55854452752772,7.65239936205533,4.1064045585523,-8.32882331553453,-6.33182479621436,-2.11086343309451,-3.17642095110716,4.86453518123444,0.502453451135321,0.532320016259289,-0.2952301487971074,0.378105295962737,-4.36722762476754,1
-1.81638414654661,-1.61361833850235,0.716591309767583,-0.457662244561315,-0.800150416391868,-0.894701869697703,0.501435242117417,0.105946450120805,1.37358754607199,0.141547455482355,-0.0513220971157383,-0.0326432954176307,2.2960645251008205,0.0215269254860304,0.208493953635169,1
0.141331683969234,1.08151398923906,-0.828192503935611,2.88213779866317,-1.51420473629918,0.346379123966988,-0.97376404264957,0.418268345647957,1.43853746015701,1.1762702245705,-1.76235002438458,0.242560469143593,-0.2003893756083993,-0.279788418223114,-1.5551416238588,1
-8.22995199210048,-3.06472953093127,-1.48128347210329,5.37416005823382,3.48060170327307,-4.9861592332247,-3.73515295429888,-0.408470612919959,-1.23768881403143,2.50103820829712,-1.16441437126035,0.123145442805288,-0.2368238075371992,0.481587901111279,-2.61248850396066,1
-10.1498129226371,-3.96322447209244,1.40450707513401,6.49374059630435,4.46946731169238,-5.67234909620488,-4.6550713248721,-0.288725033933543,-0.950462840251984,4.14718554774299,0.707199945685905,0.249022570668556,-0.2952301487971074,0.40944648264684,-4.12850525273272,1
-4.56600986017187,-3.27256917385192,-2.86574970146517,5.104798647287,1.1682159434835,-5.38831591092631,-2.13473197122041,-2.82698551177892,-4.29118042196746,-7.19697963053735,0.421144082740547,1.45936905794799,3.810318453622583,0.565846302250925,-1.07547808735089,1
-6.0656218797665,-2.22307032799021,0.334315623693923,5.80389261500645,0.757063214391669,-3.09802976350239,-3.5018037792943,-1.00572315400358,-0.440054283341639,3.13294449795257,1.24714263088632,0.0984823222449585,0.3269364483382004,0.233851015408581,-3.26769325879204,1
-6.03440257566619,-1.67234597814111,-4.16647877527802,1.75379247237301,2.17297610055437,-2.64749719609623,-3.10347667138871,-2.38382603356602,-0.686934747748875,1.51260401518904,-0.526280794204029,-0.0885194213942628,-0.2377972465581977,-0.736072755373029,-0.0995281132954432,1
-5.92613104122097,-2.16206139007752,-3.71275186652084,2.51298558446866,1.96612345703981,-2.08484398883683,-3.12745594474482,-2.49930719432672,-0.732262192061793,1.59682357624614,0.626240855695279,0.203563419764299,1.863440411625643,-1.33309975919931,-0.347045718430565,1
-11.0816168429851,-5.33475387061743,-5.84890261106356,6.39457369583463,3.61873721262172,-6.63126848884588,-7.10148829773798,-3.30289861059986,-2.79248887303506,3.30938527728796,-1.01863859540215,0.614220932245907,-0.2407175636211931,0.902675054512292,-3.54178025732386,1
-13.2025053438681,-6.12071508667922,-3.00895800089691,7.67188445074794,4.54849458373201,-7.52176682774885,-7.83625279832226,-3.04086255242532,-2.85443216153232,4.70005527392636,0.78808629554402,0.622200356085823,-0.2952301487971074,0.8213902873783,-4.5885358926682,1
-1.42206385294204,-1.00080505203989,1.73474160368315,0.514779310643757,-0.191190536963042,-3.53075873641584,-0.323794189703165,-0.387162054366978,1.13279092955315,0.705607819703042,-0.221267207742386,0.163739121720823,-0.292031706299541,-0.026218563758315,0.128903890816348,1
-13.0107493697978,-5.94563397292191,-2.87134152887014,7.75691471173633,4.47590467269415,-8.25273876012125,-7.60726146360792,-2.86403911817187,-3.3588573150418,5.00235242592827,0.647708880496559,0.587727519791778,-0.2952301487971074,0.663969504849476,-4.40385171690245,1
-4.28799577702192,-4.5335154033258,-8.71392005149206,3.04443718621919,2.28802174654208,-6.19907019688041,-5.26720466981905,-6.46918689069948,-3.7349017657824,2.71988211593934,3.53100289778427,1.12522925908799,1.462105409539702,0.137467682324392,-2.54878817321614,1
-8.38844296921614,-7.50955747436829,-6.1039030730781,1.65776584508859,2.98962640655731,-6.97858506511079,-5.99363242425938,-4.13750050093113,-3.68665071042962,3.97788074139497,0.434072536887008,1.043587159264,-0.3006535947712418,0.354124259953911,-3.06508926692316,1
-2.90118981074214,-5.52913123107677,-7.2909602133188,1.67888930740175,1.77950450310136,-5.78450659224569,-4.83615901427864,-5.53954431982868,-4.27613150437269,0.623013013517624,-0.30860899195249,-0.326139919163346,0.2500347656793213,0.854657016693772,-2.97164438627248,1
-1.42561990549746,-0.39438126178315,2.84494961758243,2.48610285639632,1.05410721205494,-3.83095228272519,0.974058515963307,0.836807763068655,-6.78396378716369,-0.360628009949399,2.54831265500006,-6.38913186553574,-0.1347517730496453,1.26895846837763,0.465511605096266,1
0.98434361557577,2.68866993252224,0.327463514418321,6.9509829448522,-1.47514531556892,0.0565432462509224,-0.0504679838548109,-0.674356809209657,-5.74887919911031,-8.40215367768915,1.30794073758635,0.880395096548056,-0.3059379780280906,0.0732685585796402,-1.07627357886614,1
-3.56511884467947,-2.5166280017922,-1.7314131905532,1.9707587789256,0.874051625366684,-3.17119460723168,-2.51310432869389,-2.01571274629308,-0.055177812186404,2.36159360978361,0.527619755594392,0.4732110860249,0.2489222639410373,0.683534592892906,-1.74585416512772,1
0.334119448067333,1.33441406239882,-0.824644210487403,1.08696263677666,1.03201558219625,-1.13519425354743,-0.722023081820061,-0.429391896447094,3.79088017117747,-1.13189035724166,0.87334427153726,-0.315104559619618,8.514810179390903,0.508712458871011,-0.0634335699320076,1
-1.82483910494673,0.24931080342673,1.19421171382239,-0.755458092963448,1.33831754595819,-1.19225763407193,-0.329759339656804,1.84234692345975,-1.08251065680614,-0.757459362256544,0.423099369076423,0.288252720367131,-0.0285078570435266,0.0201823653167864,-0.140926651717943,1
-4.69799687128777,-4.39084192218279,-2.68352089790884,2.40073141993213,1.24195817554592,-4.34657205544607,-3.91052150018815,-2.07706554161602,-0.922037621262745,2.79318461104641,0.42234244481934,-0.870778521555015,4.548463356973994,0.454981584858352,-2.02747375610927,1
-6.66517689463338,-5.58779378195338,-4.57052943365069,1.74929253346589,2.1157951772133,-4.51833064132991,-5.4174240819973,-2.89782511671737,-0.882849830858081,1.12565266367046,0.391167040935071,0.778583978950071,5.117507996106244,0.292679966295281,-2.0649452874475,1
-5.21014084572584,-3.23215317539514,-3.26711568106648,1.4118498419441,2.8584658156696,-5.00424678441137,-3.09691489835154,-2.15529688535221,-1.41316995590712,1.28938093711056,0.737657217477667,0.370611857232494,-0.2953692115143929,0.389151843520624,-1.12739593417081,1
-4.05716237716209,-3.46389087904573,-5.03532591722409,0.46830838758824,1.79496896856641,-2.21369952308058,-2.77502154036273,-1.60301474745597,-2.23473929608742,1.1263660623459,0.266272320267649,0.751825538154533,0.7772215269086357,0.385107448705084,-0.65224992035649,1
-6.41662797597451,-5.24598383776964,-4.61471706851594,1.81709247345531,1.93351953683592,-5.39973021073242,-5.03046479695456,-2.54949823633632,-2.20800192003372,0.58586417180689,-0.0354803664667244,0.583275998701341,3.101098595466555,0.884875539542905,-1.63233334974982,1
-1.94888334870021,-0.888721675865145,0.903562376617253,0.408669992998441,0.491140241656789,-2.58344064503516,0.728903319843614,0.519435549203291,0.223050267455537,0.158475887304227,0.593508846946918,-0.164350327825504,0.2854957585871228,0.002987582243429,0.577829383844873,1
0.190258281346303,-0.255273958239804,-0.828441984571064,-0.798504315204253,0.504579086049177,0.161689643179373,0.951402617133848,0.194477602325314,0.933764515599799,0.845049887711819,0.349511782992854,-0.229609184889063,-0.2700597969684327,0.246292546642658,-0.349653334602418,0
0.123923488835983,-0.0928539979788115,-0.271921864830932,0.746449665317911,0.388966130830033,0.741620056716745,0.944906247802881,0.113381714066371,0.136545507170455,0.289451215514098,-0.32778431333547,-0.208168891889414,-0.1524127381449033,-0.0251967177968592,-0.106272096358316,0
-0.460737143017989,-0.506742534469509,-0.291044980952806,-0.136235475448822,-0.978478624052058,0.942716313673428,-0.407786859473999,0.631607711933137,0.686810074966867,1.11240286511215,0.226161793337683,-0.321392662684179,-0.2811848143512723,0.244629049827446,-0.322820416913113,0
2.36890687042344,-0.280493243493316,0.127933143180832,0.191727277807162,1.84612084586317,-2.09292106094509,-1.46147612801106,-0.361398094558674,0.755030780282206,-0.304729028381382,0.192921125420964,0.078571659893561,1.881379502155472,-0.135312186886982,1.23622892539475,0
-0.172642258486432,1.59662294123342,-0.137874087895594,0.584093781378617,0.533205436249431,0.633063058362916,0.604059370374081,-0.450105354948366,0.207289471819885,2.20260681912487,1.22877146134467,-0.191501043999871,0.1685440133500208,-1.50685203512526,0.751606042250082,0
0.433124327426684,-0.240603346477903,-0.650204391866319,-0.0681375838378675,0.926583632311737,1.47315837150467,0.359418687549613,0.284829815416908,0.631666914812921,0.244146827746643,0.418806995775525,0.129885611722006,0.848282575441524,0.186871183837031,-0.829621337602216,0
0.211119896128419,-0.0586729488008763,-0.508260630718865,0.335419433465819,-0.541091325310213,-1.25986603364436,0.239701461125508,-0.0898584357948432,-0.324004174019469,-0.291998470715872,0.335866637643759,-0.130873876460603,1.0171047142261158,0.0089501920049848,0.162241425849363,0
1.06149586081482,0.894620785734476,-0.765309563261809,2.41534482266622,0.487884891710484,0.0599594285778716,-0.693387919638551,0.871971681468403,0.287544770753816,0.107844134081402,-0.524370634467985,0.0254228002551588,1.3249895702962031,-0.067777461836292,-0.833584822988936,0
0.436972160697332,-0.242868217662484,0.194852900429397,-0.164192349602247,0.935562677894048,0.626218740440638,-0.350940106010462,0.584224571100947,0.0238432913689313,1.25755819863272,-0.0577226858132946,-0.217760281455295,-0.1688221387845918,0.229447972918503,-0.297184842613741,0
0.200789814803846,1.38350639766463,0.472282509619356,0.236876074053261,-1.16877902718797,-0.0064713741508368,-0.934563796727493,-2.51435142309617,-0.0564211298949617,-0.520790176541268,1.77310995070472,0.0190085479063724,0.0445000695313586,0.075559251378489,-1.38970200127047,0
-0.283359750443991,-0.487015959032126,-0.135902406809451,-0.0533703364340655,-0.844208360039966,1.0469832325763,-0.732487718666899,0.581621928174564,0.649797924990654,1.04530218627027,0.116672715748714,-0.307738597086778,-0.2226394103740786,0.238143487291548,-0.22407808003921,0
-0.382151799829465,-0.218095609483542,-0.171372201497484,1.20766252727512,-0.278244217398965,1.22247245125391,0.966281623970264,-0.0779010270829015,-0.533761662722474,0.0480480404344114,-0.712279419115083,0.0143655747524238,-0.2151300236406619,0.090414421173212,0.598891103590199,0
0.812468034127352,-0.405060915681314,-0.520704934791598,-0.731286560474856,0.172611926156316,0.0010938205805217,0.199068280186305,0.397753595734381,0.349871103254228,0.810832483494633,0.327993541058147,-0.23719585350605,-0.2685301070782923,-0.0545358865394415,-0.271292942903456,0
-0.334766110364959,0.372110964894735,-0.075712045845858,0.54064860218644,-1.37378474024248,2.31759917855558,-0.865596762107636,-1.33388677220507,-0.263976814906078,-0.982365774608878,-0.299768850151738,-0.301586810265521,1.6131275205117506,0.125883037668811,-0.876439883986293,0
-2.44119003634122,0.337892033311262,0.571681084363017,-0.351904423915644,1.08710981015992,-0.47874635346408,0.930889522486273,-0.301629910571213,2.93300271267419,1.00810734415515,0.379675601859698,-0.830769340479459,5.691002642191628,0.688174803974421,1.1002851133899,0
-0.0827344809422958,0.0742368347001196,-1.05653808308392,0.0515866436454466,0.516382892799812,-0.842439080062873,1.38331515038534,0.789013147396339,-0.373623680988968,-0.73496076417937,0.457863187019465,-0.169763166574861,1.5853149770546515,-0.0665398194632484,0.630316107287742,0
-0.723222245619165,-0.289483617400492,0.542906844001823,1.66830859756217,0.942664972283113,1.32363811692785,2.26365425096294,-1.05287854109966,-0.52867583428207,-0.218979181883603,0.37156766187458,-0.322651043921172,0.2170769016826588,0.0891881311527544,0.825710676806086,0
-1.78504464689751,0.543682474996253,0.819614989630165,-1.96492819882367,-0.634513704437543,2.88683347463709,-0.252303154139843,-0.73573853482685,-1.72102666447741,-1.18013212573691,0.930881050988091,-0.0605386118461815,-0.0208594075928243,0.0651975655626064,-0.69080622893847,0
0.499500720494577,-0.0115878328334377,-0.330931306083134,1.19735822247995,-0.173838752949858,0.76087402417421,-0.0798534641229137,0.240911868471813,-5.60387028289027e-05,0.251615559948883,-0.402231086225111,-0.262344756433321,-0.1390627172854957,0.0228088595265914,0.211352728109804,0
0.239454615593965,-0.0439224931420598,-1.23843801859417,-0.57565054188082,-0.0856189348143482,-0.114052788172823,0.303309474899603,1.11125749995309,-0.339512344468767,-0.158335153132416,0.96659337795661,-0.190649978207954,-0.1350298984842163,-0.0792073985429856,0.263819968783593,0
0.537856203882174,-0.126066729720131,-0.382843342727654,-0.233356793062171,0.321733714132618,-0.519888587846742,0.149363226551896,0.239104287015693,0.221765446824767,-0.780597577080009,0.964963039427907,-0.0003211369355174,2.447503824224725,-0.171343214353413,0.234073650051154,0
0.875075321320562,-0.0531030002317168,0.102961741460021,1.42851599927715,1.21882074487274,-0.171584655592712,0.374960476890234,-0.456499431052967,0.495119124296754,-0.976606515094946,-0.322280199794356,0.251935125942419,4.583924349881796,-0.052164537943002,0.032066267832861,0
-1.7929325412581,-1.73935225838159,0.34125636018748,-2.37049780969797,-0.643902277347136,0.0680523085772494,0.66081706317574,-0.0392445841492495,0.335144135334088,0.628001926863028,0.170711297695114,0.265222006226347,-0.1966346822416909,0.104210848955741,1.64902266697823,0
-0.440966204709946,-0.362475329471615,-0.0714479636697889,0.25502106655852,-0.689680499389149,1.68835621183622,0.213380571551124,-0.499497026066032,1.15906099985892,0.285336872881923,0.362903834795544,-0.141627186665521,1.4908913920178,0.105641552766564,0.0046645996175178,0
-0.0553443117244555,-0.168497563220977,-0.0923709166624011,0.474669725362096,1.5378110752664,0.122710771160044,0.845141755666506,0.48875781272288,-0.0680248202710453,0.142539767632473,-0.150267525294398,-0.213124757316947,0.1390627172854957,-0.0172260842521223,-0.196013866003519,0
0.406726888758386,0.237887540464979,-0.722388233026374,0.186138115887096,0.563058626434135,-1.23844232851309,1.06772905930615,0.221323405415314,0.0828201650427645,-0.0973665560827295,0.614114694897377,-0.267304067472213,-0.2935613961896814,-0.0738045345157108,0.286792083443103,0
-0.327123395909422,-0.269431545765108,0.0971104517590714,1.25847496178332,-0.268609357130232,0.864093561189766,1.27193369115764,-0.514615476681571,-0.136732580446705,0.173167880225157,-0.31574820908163,-0.295982394021316,-0.1252955082742316,0.0709613850546626,0.378551990652204,0
-0.103600213391545,1.59444921535243,0.268202954443694,-1.40486048748799,1.39380203210307,0.822517057731046,-0.271940399905881,-0.0355165873073387,-1.20421932251175,-1.04592907853102,-0.0230441988990556,-0.309880006294202,-0.1696565150883048,0.0378367494677145,-1.96038981730894,0
1.384748398146,-2.07046599491831,-0.417323946122925,-2.52985870819215,-2.2116867743703,-2.50610601063533,-0.149250779725897,1.01695829908823,1.70845055528331,0.305727574143632,0.352083307655312,-0.377987608700857,7.513280489500763,0.593537907217195,0.837206766447872,0
-0.27735841475366,-0.385237252608171,-0.291009879227983,-3.53552251882757,-1.39027688405241,0.0005314768277365,-0.217437299182141,-2.37633313973035,0.717758382019035,-0.201067188363743,-0.350168973900931,-0.0634697744329735,-0.0955360867751355,0.141650027698233,0.296355486121144,0
-0.787505959386649,0.310625568047008,0.591162720145895,-1.65259626385957,0.274893875201137,-1.98224172265667,-0.937922483348395,1.49648494778361,-0.650838982431639,-0.600069481773746,0.819934798218484,0.0859689760554669,0.6645807259073843,-0.0133795695239448,-1.19547757647127,0
-1.55900562419465,0.374570833548577,0.410566242241914,-1.50094983670214,0.55422586302907,3.22553230598715,0.0175582555702993,0.754683143659181,-0.642524827535673,-0.139181786113265,0.654395121981179,0.117261617534239,-0.2141565846196634,0.284242556324286,0.281922873076705,0
0.759443535214882,5.07581160144947,0.900549693704011,3.19951255532546,1.96022235460685,0.841772145792816,-2.53659766969103,-0.438370204864001,-0.417968958357781,3.87276690346742,0.0038509029056758,-0.620015370619119,-0.2953692115143929,1.73406827130373,1.64876815693729,0
-0.0385084910605329,1.53369685873752,-1.26708462405362,3.72632061374787,-0.0233202574590879,0.162593512634714,0.268185409475735,1.49888909022132,-0.60876788469953,0.0932350387312718,-1.34092879667356,0.219910807536369,0.210958142122097,0.0048446436882887,-0.462958319813507,0
-0.0347743796478232,1.39490743123491,0.5770078409894,-1.0368810152607,-1.35267992051846,-1.12731826511668,-1.81687675000423,-0.288657864571828,-0.751214364894971,-3.05154330777863,-0.36103509407069,0.119246254744803,6.466416353775552,-0.075563882412002,-0.781912302076994,0
0.945767539085811,-0.322810277016426,-0.25287462624658,0.849933271188772,0.951187092297051,0.861964153086587,0.480934293573833,0.0259575770663734,0.562786648885444,1.08040739172587,0.70354172160314,0.285914482848144,0.7370324016131274,0.0188043551644817,-1.05573332253144,0
0.599784408415192,-0.0094594123049049,-0.015416276063241,1.38457464721582,-0.0702952371671307,0.364340182673361,-0.153499471849359,-0.175906426750849,0.163998713606638,-0.164416845514618,-0.990759964771578,0.18558181117067,1.5295508274231675,0.0046912560958333,0.0939309290708848,0
-0.425111479479355,1.37406955146918,-1.28682087006128,3.69474410321719,-1.79454367172849,-0.0564831748566821,0.0405616296938517,1.4017311193751,-0.405698969378523,0.306456586499518,-1.58688917502273,0.233852285805166,-0.0285078570435266,0.0143393424968971,-0.45309364018866,0
1.46448181720003,-0.640789725789507,-0.094011779910848,0.694127194012609,0.022651772642376,-5.99101738796188,0.196057285610864,-0.610079770123404,2.89516537813422,-6.23455827632605,-0.641286424689703,1.41360775144814,26.376025587539974,-0.489125843212997,-0.492134979727367,0
-0.593821520655953,1.82540582501842,0.0525232119484009,0.651406608714116,0.683623010408824,-0.369808053726409,0.173640752608991,-1.52676201587356,1.22984136781906,-0.16656777640275,0.367604312340528,-0.224448268484914,1.0012515644555693,-0.777110643936057,1.0272476912047,0
-0.795056668792036,0.264940313085133,0.227130008341655,-1.25512694375117,-0.840966449985159,-1.63236728518452,0.434321612226044,-1.52241401263456,-1.5940504702544,-3.30959883981807,-0.632918596106386,-0.173486815883828,6.854401335002085,-0.0846661787551168,0.881582762355172,0
0.0235009552306959,-0.139213220362173,0.364623492829823,1.47669085191398,-0.188582978563335,0.541140366346045,0.810759934174101,-0.832792171952433,0.11146560382056,0.208210191167264,-0.496454429546243,-0.0704293727266726,-0.0497844527882074,0.0406195395898984,0.218544476937727,0
-0.807675767260454,1.45860454027996,0.109394701364872,-1.71824470678907,-1.39734599335765,-0.796422714209218,-0.481863044765586,-0.108007796070397,-1.32559573236146,-1.5307248973014,0.043498874840878,-0.413068896272156,0.5282992629675983,0.0322676240884609,-1.06665687647129,0
0.794082292698536,0.418115895641417,-0.331124674145517,1.32596463027957,0.758821905114858,-1.57838060050908,0.906638019823129,-0.551053395781237,0.57211322379801,0.0535093979504338,0.0246869153100427,0.125351525272224,0.2977332777082463,-0.0266076576850417,-0.0291762456384415,0
-0.267524852299921,1.59780161989336,0.434300237541995,-1.63132730657343,-1.42382876368974,-1.19053503299671,-1.33210948672289,-0.479401023719482,-1.09604952150749,-1.37320232381817,0.0002210554927139,-0.20369320800295,-0.097343902099847,-0.0014759231284798,-1.11015892675581,0
0.696970894204497,0.0410578634128881,-0.226912328115495,0.407813943063858,1.73055947527395,-0.007427337239585,1.11722800144441,-0.0670195938963108,0.322472922386044,0.0767488195849404,0.0222382497595395,-0.270438256478392,0.5409539702405785,-0.0607715034012771,-0.473465086449363,0
-0.53457738041539,0.102687882469948,-0.197804457325928,2.17260988911288,0.640704654656777,2.40688787681627,1.17916079384991,-0.0321069927668739,0.386298934293772,0.946692600188286,-0.108617769163444,0.0318248744835993,-0.0105687665136976,0.0762321908573066,-0.849033717936785,0
-0.326938982211591,0.577055703419997,-0.144630098442626,-0.945789336579987,0.534381457695334,-0.246803525435643,0.75745898435153,-1.35366831004199,-1.84418370704439,-1.59395351391978,-1.66159661667044,-0.0066006985060596,0.8413294395772493,0.0994249521391726,0.5420241070597,0
-0.535728171176597,9.10140231365335,1.19705049761538,-1.59271563725465,-0.291861183030441,-4.78271028382805,-0.78265661589145,-1.00228168384643,-1.02543614156951,7.17938467908911,-0.502565829104553,-1.85190924111764,-0.3057989153108051,1.05958664011099,7.88364119806296,0
-0.387464721118122,1.66017037015848,0.167722004350934,-1.64135236707311,0.694481143844459,-0.362026359196967,-0.267078776514627,-0.0005787706765371,-1.63742599120464,-1.69799083883406,-0.004084837156214,-0.249772113421755,0.4589069670421359,0.0296680641689479,-1.06840741264091,0
0.256337673932392,-0.0695705242129999,-0.526825387206487,0.420770488936868,-0.45526262097222,-1.32196760857124,0.924375922168442,-0.280264143935516,0.381446074112089,-0.213970797999707,-0.361610801487403,0.329611109369981,0.8900013906271728,-0.0215411904880862,0.452744874451385,0
-1.03104930118208,0.250563787350261,0.325078344310698,-1.21672110739872,-0.79604181219342,-0.387275115937235,-0.289561526579576,0.980185695488748,-1.64962053613241,-1.99475863327522,1.25705865333083,0.183724550073886,3.170629954109303,0.0309998165326445,0.334479443232688,0
-1.14218528168756,-0.653993402662188,0.447703244954516,0.438014560298126,-0.485733983819266,-1.8640058499241,0.773415930289313,0.116932744019961,0.355041806210065,0.212323245442363,0.108821578464643,-0.320666418030423,0.11083298567654,0.0014542036307611,0.534807037012181,0
-0.0629291172401967,0.0618001805457699,-0.711052471578556,0.395065777980737,-1.84950901685822,-0.65794994105175,-0.557500024996554,0.592907869838516,-0.789673368172696,-0.523847557088687,-0.0429245427081534,0.103172761209367,-0.1670143234598803,-0.01917867201058,1.45986318407005,0
-0.153561992489444,-0.156473116097762,-0.764001014616634,0.248656608742151,-1.76461092987039,-0.71395279899741,-0.08131385247047,0.343233920850808,-0.706570477961134,-0.473087274542781,0.0638789657975271,0.132941959562287,-0.1670143234598803,0.0323723443119209,1.58737852601678,0
0.317333971726105,0.149867322233335,-1.1809107903991,0.676065424681186,0.336957066219557,-0.411266144274959,1.17707691037169,0.447166600552886,0.351383615925825,0.419921026881072,0.508200849802966,-0.047530111042862,-0.1593658740091781,0.0056923951371657,-0.508995675986745,0
0.0836848450694229,-0.221027498349529,-0.391613537952035,-0.189345695681116,-0.288392233682203,0.802616350266076,-0.0278077643369752,0.661018203563899,-0.424894481337087,-0.281539572919166,-0.0054572642635306,-0.114575419948199,0.180642469753859,-0.0926573174490623,0.589511607237821,0
0.636036469414099,0.0184789618260173,-0.134886020191102,0.973702297539776,1.56339487813708,1.4478461244575,0.468917578601364,-0.144468662917272,0.325181184407278,0.757838767607048,0.281916840496972,-0.125845883000698,-0.178973717146433,0.0974036535362507,-0.690221743670673,0
0.167393963335706,0.16874388675372,-0.743862769635162,-0.85528648812858,0.577918271617381,0.0378766796739568,0.806893912759849,0.101349453825043,0.858543816609008,1.02741320318584,0.230532055841827,-0.236926383264334,-0.2700597969684327,0.217625251026113,-0.0385598554070183,0
-0.0627438593270136,-0.202082067757013,0.222558769443807,1.48034225177119,-0.401958980078942,0.290744785821533,0.948673878342846,-0.744239729870336,0.276292650095698,-0.109287298837858,-0.410344136092181,-0.0219496514508838,1.4381866221665969,0.0228574254890051,0.159169378207742,0
0.346241822868056,0.312721387383848,0.126660341736758,-1.72359967911149,1.03985049177819,0.411232351561238,-0.228653125520959,0.948757623084459,0.0039193841111253,-0.484431343170466,0.130588157408813,0.381157421227405,-0.097343902099847,-0.286940700148883,-1.75478079518062,0
0.329107137326535,0.227320069365873,-0.8296387170098,1.30496346487487,0.805370377644208,-0.587230944847924,0.927721132273441,0.539000306257284,-0.239887694946351,-0.834103103106904,-0.266592623673325,-0.0361868724013113,2.7708246419135025,0.0051222482784222,0.604690570008095,0
-0.321429686954772,1.42685913255743,0.241443965806781,2.82797270628491,1.20025966772766,2.52691695277591,0.0942292907655487,-0.722018602060958,0.536277597522659,0.626404913442672,1.22959148054341,-0.309746479413163,-0.1582533722708941,-0.24650275162834,-0.813748587350364,0
1.76178209935619,-0.535326684500969,0.539281450715608,0.227426492639971,-1.04011887204234,-1.44865843702939,-3.12912436187899,-0.415309947694268,-0.268812505367743,-0.31307923022107,0.305821813311635,-0.138479031302897,-0.2066471978862466,-0.0670165257699455,2.7226442388767,0
-3.33372064335903,-1.45249858044069,2.68261263852543,1.47298796375446,2.89392310118071,-1.57647298025721,0.774149213595931,0.897811290248433,0.658132826805829,1.26562134412589,-0.912261753152464,-0.120364505513678,-0.2810457516339869,0.0583991252306462,-0.847325937437016,0
0.540335960822781,0.6553578576772,0.0280204475401321,0.057384112363554,1.75490885496213,-0.0453912742693492,1.00375111132357,-1.39778118733703,0.243107235099237,-1.59307762599303,-0.941854007244029,-0.516562752283954,5.5555555555555545,-0.089715476432262,-1.50320659587416,0
0.89380006941862,-0.930526103560306,0.133526605408568,-1.29039617025733,-0.484120637320938,-3.285105915522,0.822067333135957,-1.57670162927557,1.48341592304911,-1.32952305598059,0.754747886962965,0.526948933517756,5.0667501042970375,-0.151666199320298,0.836551360745599,0
-0.790459939506849,-0.23185944985589,0.246683762987843,0.337452438550014,1.43008595883739,-1.58671430320068,1.30776813237096,0.421863059756805,0.137839442545687,0.171539673653981,0.266861672088008,-0.292255565793765,-0.2935613961896814,-0.0610565815364587,0.104648715735441,0
-0.362145213383802,-0.400443850094627,0.292023384477003,-0.0220791195771848,-0.436550443950052,0.851602252730139,0.470627569731986,-0.243308191689354,-0.61339343645936,-0.453440471186524,-0.105486635755898,0.0608978674371692,0.1098595466555416,-0.060751483944432,0.959457295925615,0
-0.200257375435067,-0.0646995868481641,0.261105641095224,-0.0204070100537494,-0.276640492134051,0.255516498070087,0.78422808441202,0.525163318050557,0.0414629385875096,2.18110055117648,-0.196362158484278,-0.262376313520101,-0.1729940203031567,0.329767677559807,-0.304006242364104,0
-1.07785540292756,-1.30729214497853,0.888303692057875,0.48222150042866,-0.799763192819392,0.285134564148662,0.175792023820598,0.142873663521035,-0.591011925023983,-0.0574641145125285,0.436438135892532,0.470513708899295,-0.0280906688916701,0.154675504615285,0.156197907085721,0
-0.0494788346451489,0.173970645474375,-0.968321629434453,0.14233415008569,0.0741514209665695,-0.623437287662704,0.624054443708653,0.742475018940124,-0.830251219520924,-0.588805841337802,0.271246888026843,0.169814232980921,0.0139062717285495,-0.0333489028308397,1.08496923141068,0
0.668009450986021,0.415208464708831,0.21001663574047,0.456605878192993,-1.28260265543163,0.135440175311553,-0.391149369532353,-0.29051471006233,-0.896194724942581,2.30886052896075,0.284927210853641,3.90100118632027,-0.2628285356695869,0.170569644010641,0.0280651346495624,0
0.314665008567755,0.150089357294978,-0.752709585266426,0.925021108571445,1.05916731785909,0.11390181886165,1.25673441667707,0.209815465943533,0.0370362755176028,0.230973857400454,-0.299059506127351,0.130986115158638,0.097343902099847,0.0319583928525875,-0.386526177690826,0
0.0747252173651707,2.09675419791919,-0.182280431288574,4.42081962970288,-0.80242471148409,0.558037088384817,-0.280917985339562,-0.356226703496969,1.06544477257655,1.41265322884918,0.848092234029571,0.358556395544425,0.1582533722708941,0.38278510623446,-2.02826263677987,0
-1.62955562558838,-0.85430901915284,1.70995668316361,0.765782641332019,0.871758265942236,1.19665640670676,-0.0718637850133924,-0.453633295720709,1.11169985057244,1.32157092478166,0.346109132581053,-0.0812898639206421,-0.2953692115143929,-0.107576791027121,-1.01124572635262,0
0.446132812117889,0.141193554144417,-0.726160465233803,-1.39329679516582,1.11327309038148,-0.297017925205877,0.731298001652437,-0.630348018943261,1.87244400858959,1.37978749908678,0.279980430287229,0.158709291822277,-0.2006675010429703,0.0918485478049091,-0.590964360436635,0
0.189442989628079,-0.104207981515626,-0.19049154557887,0.462922934388626,-0.705192935675908,-1.62799274755129,1.20524956480138,-0.861440067900755,0.656636317988037,0.155522126568606,0.246982159164657,0.0081906662426483,-0.2642191628424419,-0.0262670512476376,0.374343036087203,0
0.36060325931984,-1.0599978531915,1.37504447972709,-0.122168645245817,-1.08545991808436,-3.11149104761371,1.49978322172691,0.657801520413101,-1.01873106887615,3.35746996910571,-0.310367808426199,0.451890009216932,-0.1170908079543874,-0.273935824631059,-0.524360155278487,0
-0.634929503245775,-1.31549734554743,0.950037601278266,-0.249935816663408,-0.935766168537404,-0.690252409864118,-0.302379134921305,0.126772568228297,0.857759635615885,1.2441005466941,0.42317952149943,-0.0920250940849718,-0.062578222778473,-0.0284182250732684,-0.734483831015584,0
0.0230733416743188,-0.145362051936295,-0.0373019033538426,-1.13443111652448,-1.54478960187093,1.19216931045993,-0.810891160178278,-1.86586970868728,0.213379985595184,-0.399043431192449,-0.203221650457926,-0.316463803931079,0.945626477541371,-0.0364083268752059,-0.825745807961239,0
1.45740863379934,0.941887775061909,0.248377476007211,4.67311643754974,1.44029349406384,1.53697555805438,-2.36888762102475,0.519842342832406,1.4578339501089,0.273845246172641,0.875840587292041,0.394581820197044,6.102350159922124,0.263194243623699,-0.907935579831947,0
0.995844571794255,0.340143329570071,0.867488687303113,-0.741780650963173,0.0866232055931826,-1.09272322469346,-2.61760658966782,0.865695855003451,-0.618040399736097,-0.787810737570159,0.46463930783986,0.0583883692372054,0.486719510499235,-0.0478934477641329,0.963375287599498,0
-0.112227572424338,0.581757335116438,0.314223783675981,-0.639014438487363,0.0229362502168991,0.0732514997053092,-0.0046223860871845,0.894694802436553,-0.0101260602507564,-0.385510957258575,0.772788378940356,-0.161684053531561,0.5840634125990821,-0.0198144604949325,-1.22337343997795,0
0.476144758376116,0.0986473013393894,0.0452896634035353,-0.0024564160364634,1.06053185647527,-1.4181752836883,1.27855294804429,-0.60495071864376,-0.139514258143135,-0.281894720950206,-0.398141918524562,-0.189713996467686,-0.1392017800027812,-0.026117933890555,0.282609971661522,0
-0.597403234884687,0.205475715810327,0.482260432262303,1.84538395578035,-0.582343641673757,2.15134420850728,0.349770673085462,-1.25747110286637,0.674277268286887,0.537213555140211,1.87959491005704,-0.091306090351648,0.0834376303712974,-0.179370668627049,-0.212313684187226,0
0.329783324166947,-0.924797983299299,-0.832440734680914,-1.27459340360503,0.428326565314028,1.19170280425288,0.52447501343559,0.316170347987274,1.09754176563083,0.832951572074477,-0.027621481617815,-0.251032690386145,-0.2784035600055624,-0.0669398768570362,-0.759627107897348,0
0.482651970255454,-0.743767492129238,0.888817810030952,1.28241408289597,0.0833440659597867,1.7179070911097,-1.71929896430037,-1.00568268718337,2.41668015133759,1.03988044344268,1.0336545121884,-0.823129552960529,4.794465303852037,0.161309146651304,1.28619450016318,0
0.686799710634406,0.293542023370123,-0.449233579281882,0.296300859568388,0.333876251105507,-1.95196718199351,0.603397281509684,-0.255968737401048,0.334060802865942,-0.129807055624538,0.540232804037194,-0.0006693174717195,0.0241969128076762,-0.0958846601499922,0.184940946556693,0
0.42731391747386,-0.0025820145852291,-0.909999030218705,-0.550580804397756,-0.0284941695140753,-1.09896599400879,0.0739864366704824,0.641423987768566,-0.524364710512707,-0.0591476158884826,0.252709358649747,-0.308453939397352,-0.1670143234598803,-0.0298155315024531,-0.0536675053586304,0
0.12954612594058,0.827958775499167,-0.442698756742063,-0.759128855469788,1.0804910446871,0.109819029037406,0.958421843046132,-1.08536867425089,-0.327562000424062,-0.460365190029883,-0.359893890486243,-0.332490038000848,0.0945626477541371,-0.066987176766753,-1.33175701615733,0
-0.143802008531378,0.710464929456466,0.44425724752707,-1.26536145238004,0.930545182055951,-0.96161089513352,0.125317265624846,0.833922194707273,-1.26528281967966,-1.42468105118869,0.089046261768601,0.0854240131896538,1.0290641079126686,0.0347305671940736,-0.1128913137616,0
0.392983155897311,-1.45729556077223,-0.422079858390394,-1.75747005280049,-1.48134404743203,0.776006025846917,-0.515002280898818,0.448927129974852,-0.42163462795383,-0.289979529183619,0.0184051550372061,0.327786717083861,0.0903907662355722,-0.0527367991833299,0.626226410539287,0
0.431073330995614,-0.364770800251102,-0.378885098397676,0.745443489839114,0.893671350959719,1.86740288039996,0.928662673779337,0.249886652185824,0.0006951636567825,1.31095611184636,0.707708866041003,-0.0412064264951609,-0.1529689890140453,0.236497830384957,-0.803140015572165,0
-0.0272664799261037,0.0991709612660929,0.0039413034587632,-0.241709232263113,-1.15982439033409,-1.15064034460801,-0.761324133355199,1.4729852766868,0.678061124988672,-3.67098623611817,0.459207009433885,0.444405977701834,13.628146293978585,-0.161472070651481,-0.833264133980883,0
-1.24268722406585,-0.343898236292434,-0.009192040478654,0.389862264807318,0.557963345136853,-1.180681285094,0.562383135254024,1.04253828307629,-0.597776052239461,-0.55514004820599,0.0284004850954587,0.194129906147761,1.0649422889723263,-0.0350980070491573,0.949521312950685,0
-0.0646214801200214,-0.615521351885592,0.593105649199079,-0.615477345157338,-0.562765770361888,0.651508061420755,-0.182752704550275,-0.875382317710606,-0.32172890365865,-0.123955045299557,-2.00239224133035,0.407875619849118,-0.0418578779029342,0.0070194573075834,0.884429402186571,0
-1.38488198755549,1.28925975519844,0.493887277911031,-1.2954083830544,-2.22997353080615,0.0230116624832258,-0.725042850277102,-0.380991338789091,-1.97110647612125,-1.99889297049104,0.308241628690511,-0.238417139421019,0.6118759560561813,0.0752765544008978,0.0271790871632401,0
-0.586873314365296,-0.0299624705927027,-0.934166257907453,0.251409023114943,-1.68473170613296,-0.602480019072751,0.723122150072464,0.556659105799746,-0.581465693608559,-0.383553031278584,0.113829279121811,0.109536467403563,-0.1460158531497705,-0.0120970856090107,1.13598568787186,0
-0.835302362804275,-0.668458458963198,0.156391212345444,-0.628230121827106,1.14379311066972,-0.324880883833302,0.673982105311908,0.484632572668528,0.881279450868635,0.999475786477637,0.0109678952377757,-0.280363055954825,-0.2685301070782923,0.219598002348344,-0.333232243354574,0
-0.0484114059688906,-0.112070202210729,-0.722705049709742,-0.933524682022156,-1.5662247021163,-0.280256073435054,-0.0603618259283892,0.12393663105389,0.931028826263997,1.03230983402302,0.179680826110874,-0.344933031889608,-0.2935613961896814,0.349009846275241,0.161932279603962,0
0.653987113784743,0.0669552530839356,-0.427108457525929,0.27010532621105,0.726049892058882,-1.25871583116619,0.753835149394165,-0.211756217654729,0.0135449475569129,-0.159278387841857,0.53639162819458,-0.205830837500833,-0.276873870115422,-0.0241847995720938,0.676007606520207,0
-0.573983075134569,0.934328336874205,1.45524414153005,-1.35726558231106,-0.388161528828055,1.73841420502728,-0.780790669267756,-1.75428666471474,-2.33996738186309,-5.1576266728117,-0.853040154211817,0.334619435751041,2.642191628424419,-0.252958819645497,-1.87716281595757,0
0.243139200171079,2.15100936370979,0.28513550540268,4.38019082865812,-1.28665612534353,-0.162098005758597,-0.455807017646987,-0.800631177689943,1.01160996326162,1.69537560610727,1.43065407815553,0.112793203815095,-0.2511472674176053,0.13045338473943,-1.90510092762635,0
0.76762130782109,-0.910101992531359,0.486682553690475,0.132866953226044,0.432216719734024,1.2344368679437,-2.21153575114728,0.460864684911252,0.6673661059625,1.29286455678085,-0.0986498162543745,-0.436916916518865,-0.2685301070782923,0.224695486694584,0.771162454650078,0
-0.550804377271648,-0.654887760423994,0.242415490623881,-0.682698106657862,0.86149662439488,0.0434878136372554,-0.491841966346324,0.348321193736704,1.04153280110427,0.748125626786121,0.124444901220986,-0.231899193243913,-0.2879988874982617,-0.0206059389196744,-0.150120213865274,0
0.0830299672766742,-0.0379593621913622,-0.247260033957162,1.98233397235501,-1.70029628603509,1.62447059476429,-0.37761398481616,0.54909320376779,0.0930725810851225,1.39806493177594,-0.224502088214394,-0.261700685558717,-0.3059379780280906,-0.195978982666693,-0.793801550096458,0
-0.86467663176151,-0.904076081002724,1.00530597135217,0.852340177395539,1.13762261571622,-2.17087155786798,0.417394820666489,0.222538462574613,0.682628938147886,-1.88749019335918,0.135987224791507,0.147433546394276,7.743012098456402,-0.122705562608091,0.87937039968048,0
-0.354968031641238,0.117444473868926,-0.161958359852839,-0.919401377421124,-0.276238489032417,-1.46518911345221,-0.538444473447014,1.66178326017397,-0.462583181705585,-4.00234863713444,0.599473076401502,0.692157461867149,12.905020164094005,-0.12463765623285,-0.366053468730029,0
-1.42360531349192,0.180582209139978,0.724620341136013,0.03998664455446,-1.38854025619787,1.55942858217549,0.92833898587488,-2.03032568803942,-1.30466417448529,-1.28634680497618,-0.126803378393814,-0.490526626022816,0.9303295786399666,0.0165058212214035,0.634095628724816,0
0.247834244585368,-0.872577150527372,-0.76314592787814,-2.14598331152068,-0.204057642223532,-0.524906818681346,-0.0076257902637665,-0.318155879844891,0.805494889959819,0.444956541339119,-0.579118178760166,-0.22800790954206,-0.1608955638993185,-0.0420961077317977,-0.109171080126989,0
0.0949224602766427,-0.221985823902143,-0.260244725118618,0.0149975412225583,0.113972172509604,0.745967752553365,0.479436591611204,0.29736032853766,-0.179059859363081,-0.0002199379866521,-0.0975060084843629,-0.108198655924361,-0.2525378945904603,-0.0687196733110464,0.330909395165664,0
-1.25079752169114,-0.891155799226471,0.572170656216174,-0.071988497482486,-0.508921790350981,-0.721057738458965,-0.0348316429107153,-0.0747668631086839,2.05189526647839,0.235831492983495,0.25679886388545,-0.0348957087401088,2.739535530524266,-0.170467131393876,-0.341600283873775,0
0.78555879244089,-0.191994713100395,-0.0167239564801834,1.60487714509677,-0.801226834749029,0.626498231478655,-0.528133372895011,-0.0199532886621427,-0.160914392318292,-1.28970559118716,0.567968828406203,0.0393304714675984,0.2059518842998192,0.0726633332995152,-0.38625393221708,0
-0.999149688795371,-0.65360101789277,-0.0681680252081273,-0.451448160428822,0.683787205191732,0.446080295015375,-0.107780587174076,0.581648972094851,0.789286057658499,-1.12049427305432,0.62025129289977,-0.458177035183073,-0.2784035600055624,-0.596255844628755,-0.351656682778135,0
0.072596239356718,-0.0114306249467935,0.266923790260965,0.279438593249671,-1.07918966663504,-1.61286828926195,0.357252230846547,-1.73351859204125,1.35294320632846,-4.29066065611674,-0.89852593170389,0.266827798508562,16.5896259212905,-0.275057846865496,-1.03843139716653,0
-0.721654670488682,0.876755573354196,-0.800640481675561,2.95640505089983,-0.861373488474209,1.37321182942612,0.360871189800661,0.347412889709022,0.960332803351122,0.699042522079849,0.320538584229294,-0.434568383237262,0.7640105687665135,-0.362778595479221,-1.40330499398431,0
0.354298991068493,-0.855542926048439,-1.1924062203116,-1.17815493148199,0.0427224326121339,0.754257782169217,0.510274668929562,0.247382752381134,1.17137515011867,1.05325984810943,0.399986965360007,0.251654525597743,-0.292031706299541,0.0091971982503063,-0.797742403089665,0
1.16307088071951,-0.0950558909755218,-0.31137688909703,-1.47554527567794,0.459033640220746,-0.951559514876672,1.84806823949831,1.41229687093478,-1.34620949978448,2.83025614271582,-0.528876296190779,-0.0078705552613878,-0.1991378111528299,0.0833039471162019,-0.144649630238562,0
-0.0829126092993173,-0.0541472926097911,-0.242641778308354,0.916005884265678,0.118590303875241,-0.0745302379444283,1.07644402523139,0.120204917588259,-0.135448999531594,-0.688860664295587,-0.521042013088986,-0.0890943777793196,1.9983312473925736,-0.040921260859589,0.800924859324128,0
-0.341093217936146,0.254421084184031,-1.29509035018157,1.09048311377199,0.373465690301319,0.119610379745861,1.16283613751011,1.02740055176269,-1.11020294976377,-0.54589502614551,-0.484970179089656,0.312947922143623,0.456125712696426,0.0849674769330243,1.06667910402335,0
0.420819625722602,0.248993543659246,-0.925901538295613,0.142346131357513,0.020589032928147,-2.04315653015406,0.984496792677102,0.180126982768781,0.36053549233195,-0.215371352917759,0.765200955427645,-0.103934525772935,0.6733416770963704,-0.0928811178660511,0.0706458075211584,0
0.703912192866024,-0.754311041927401,0.694643051905159,1.21494804937545,-0.988863268899718,1.19695723476121,0.0951492585229347,-0.486017429839069,-0.216408568801909,1.43338202186554,0.758242122771037,-0.0376118682600809,-0.2332081768877763,-0.21954248956085,-0.366237313769534,0
-0.663036451844091,0.798967535338367,-0.717201199018336,-0.743312514587284,-0.845586284341876,1.39757753833592,-0.20825665205814,0.221787817273842,0.810558169630173,1.3066853960225,-0.31690106838124,-0.397760508287741,0.3892365456821026,0.611234492914247,1.12394363969763,0
0.0912057237494023,-0.142538697569217,-0.0253287964069741,1.32090720674092,-0.839567177901607,0.679960422109437,0.124844448405343,-0.256583389206522,-0.0882260130419197,0.151283263052917,0.0561794334448101,-0.267264911231072,-0.2828535669586983,0.0348326020689568,0.593396533383208,0
0.603771911993739,-1.11653693059002,0.425060821534753,-0.66360630805709,0.495243707097597,2.16961086740622,-1.73587096169135,0.0205561515763519,0.294178139265221,0.371330451416721,-0.751745830846369,-0.012214516916546,0.0401891252955082,-0.294556431452117,1.80841076129744,0
-1.76157748813093,0.367741013247022,1.0051566330642,-1.2577675478974,-1.54897217104915,1.69661286508656,0.609317697459755,-2.6415334719716,-1.34665206113019,-0.505182011222985,-1.84248274081921,-0.120578696440426,0.0069531358642747,0.450614564033794,1.19228071159709,0
0.441425598115859,-0.141170775515064,-0.197711082929029,0.0904753989410154,-0.159721464624235,0.0747534227028108,0.23563086787942,0.122100147456259,0.334629096922109,0.150507107990991,0.275178538554211,-0.43519647473247,0.0136281462939785,-0.104441975188618,-0.0598267076366733,0
0.16199330197848,-0.596475034173662,-0.143930939453174,-0.0190775754974485,-1.14145567948264,1.22103850493155,-0.511590839769263,-0.24171874678423,0.13592512028631,0.469781383166897,0.903933062337829,-0.0745117649852035,-0.1672924488944513,0.233887558357136,0.453848971601878,0
0.322793785410457,-0.121340989125647,-0.601501925406352,0.171837353163653,-0.632606317204491,-1.4428650706074,0.688251118816129,-0.294278764480114,0.216269149788045,0.0272539538173025,-0.180834792825948,0.271743895545534,-0.292031706299541,0.0085275781740027,0.638656485911795,0
-0.330775821818228,0.682118318356352,-0.564937279238443,-1.15242009463644,-0.628070055637182,-0.386623291346515,-0.144893280313596,-0.847061308614342,-1.63452903649952,-0.892398723169813,-0.614360484797128,-0.326733293980095,-0.292031706299541,0.0349977046499069,-0.353432377976352,0
-2.86215000371337,5.88572751121879,-1.38453619685557,-1.55413201861256,-0.355773326464421,-0.123658743040967,-0.102996911095008,-0.334272381757143,1.15045960293888,2.32670771180798,-0.655012006801155,-0.886380568077144,0.111111111111111,0.472793305488155,4.57871374437877,0
0.793406026252717,1.05727890809409,-0.486622202738628,-0.636319426747612,-0.216733139759314,-3.26056794931549,0.302601005404919,-1.73478023551452,0.831744770823637,-1.32096899109068,-0.05644860681936,0.0532932885948613,3.8979279655124457,-0.184707422816183,-1.45146023084609,0
1.0810242261702,0.310005861525613,-0.0318114461797913,0.544015966062044,-0.988586738058276,-2.35801501391891,-0.499143159325653,-0.757812990500747,0.953708988742299,0.179386142350764,0.0066357645285205,0.252343242629376,-0.3044082881379502,-0.130772169085125,0.0208290201452964,0
0.382524942535961,-0.0522167753187611,-0.0107625627219663,0.628399639710172,0.729579389962081,0.47843285180741,0.387542966504827,-0.115126833152518,-0.368808665706124,-0.233325147374722,0.278240457580612,-0.24354886838843,0.111111111111111,-0.016968229557337,0.506713494849907,0
0.550443476717004,-0.567592257530486,-1.20725313379479,-1.27149685228776,-0.240346942604364,1.30373465613153,-0.984256984453272,1.31392506818342,0.21898252118861,0.258373304438679,0.195115750927066,-0.111660606832129,0.0378250591016548,0.0154505947353611,0.0392610348880319,0
-0.0104088419648569,0.482235865217335,0.357280168304306,2.84220065033541,-0.414433794754597,1.04626686872411,0.133540653615736,-0.32416055745515,-0.13788879545121,0.26884286870288,-1.17757607390592,-0.0128150434450218,0.0041718815185648,0.0187630583573909,-0.152483978997725,0
-0.590504567793751,-0.211787100348309,0.355750850314477,0.337718579631917,1.30572658993841,-1.61288284621444,0.80441409008027,0.411829072743225,0.057197311353033,0.0902190662347362,0.204807638086698,-0.297967210535742,-0.2879988874982617,-0.0643668810854232,0.251837243225302,0
-1.15584632739084,-0.681341868529104,0.683874021145705,1.12171892558769,-1.52545247016586,-0.410596737981145,-0.529348260511183,0.254131283078424,-0.114661381480339,0.255391679696322,0.0410383700263831,-0.389798447125668,-0.0732860520094562,0.0606021512880488,0.649593649317328,0
-0.992389599706482,-0.265223275974536,0.879676297413093,-0.422254187290919,-0.424181274370669,2.75236323909171,0.275385340515342,0.412651286161468,-2.35753680525032,-4.21478939184768,-0.088051343138178,0.493889856055514,1.7082464191350295,-0.0893566282422222,-0.442746924704896,0
0.358083630245672,1.85881186173652,-0.0685256647827616,-1.9308154402289,-0.150203671738358,-1.85148672833798,-1.04651902101773,-0.148064113412614,-0.718514463167008,-1.2700711897775,0.536867836275323,-0.330227527411852,0.062578222778473,-0.0334838331220993,-1.77445902182787,0
0.245658059524377,-1.1969679253598,0.525490866340581,1.77851521490575,1.27418599240195,-1.05130327783291,1.20769639883181,-0.194888726536005,1.63400117029675,-6.7013222332589,-0.654706173460776,1.04437787145264,26.79293561396189,-0.372233891363872,0.721114290732449,0
2.15295072536003,-0.514375015529248,0.811772858744273,0.16191524574454,1.82159470737535,-0.147912606579991,-2.37128620602688,-0.270203327698861,-0.0128100425449785,-0.537869920416053,0.183802662999659,-0.112432206894604,1.766096509525796,-0.148479279205569,1.58552100995937,0
-0.963527021235016,0.655067197703941,-1.25177323582883,3.09056708537878,-2.27528060324321,2.09424352699697,-0.25345883089597,1.25874468384665,-1.76910107110901,-2.84349152162381,-2.78020993571903,0.364876560038189,0.7036573494646083,-0.0058872176786702,0.286378300443562,0
-0.646681984813935,0.664215156409321,0.347685703358067,1.37699282776051,-0.9411470000784,1.50680871441936,-0.139055883778005,-1.40777111017789,1.31797127543378,1.00686984904641,1.79067942892149,-0.246771048787335,1.2236128493950769,-0.268727345270284,-0.0403581848783501,0
0.0220018761785255,0.652200737872322,0.461120400689689,-0.965620761200104,1.59039368731094,0.912148840872703,0.205912667927106,0.586071417560409,-0.0446717849739979,0.0083540761103252,1.25779402282181,0.306265638877379,0.0139062717285495,0.264182987791147,-1.65869788870246,0
1.08470429867618,-0.747502123905551,0.335071002473085,-0.633723997519105,-1.21301109672964,-1.24865068432954,1.15120056569333,0.229677436938401,-1.99128665816975,2.78395686154948,-0.377518729031792,1.67414402060794,-0.2784035600055624,-0.285288244199466,-0.207760119575075,0
-0.793999481479274,1.98699685834469,-0.381368310458849,-0.361050972440982,0.640931840654039,0.604731769081505,0.998611185681855,-0.442437210701933,0.303449408384296,2.26707383348303,0.646484221437335,-0.131812223417387,-0.2738144903351411,-1.24584967463742,1.24599243058423,0
-0.155305890974771,1.42897152295056,-1.2363067928521,3.60422740361203,-1.48652043812375,-0.065436992219479,-0.349357960375658,1.51093743727754,-0.496643125000644,0.358499901896443,-1.76093045997,0.168056922779007,-0.2953692115143929,0.0051356802701099,-0.484556505696517,0
0.0888721413375357,-0.788457496225903,-0.562811995025813,-1.18019741588039,-0.504343881894505,1.10571819160439,0.44353547492249,0.734431081562755,0.200802409549268,1.05035517991459,-0.765076875522506,-0.0422231162886862,-0.2536503963287442,-0.0790090268651142,-0.0780622812670228,0
-0.583905089202708,1.3716631691187,0.0747355282363681,-1.50801880648803,-1.03851987778669,0.337872017590383,-0.684185960669344,0.023643168909595,-0.983948789195748,-1.08472451816846,0.0580143798410562,-0.389077324677217,0.4658601029064107,0.039257878547651,-1.81075586927259,0
0.376343839248842,-0.110586045068072,-0.390573875932259,0.195393909551816,0.455556524745668,-1.27680970728554,1.02236830066145,-0.245530716838385,0.0918132083498625,-0.806304161542783,0.647987078816449,-0.0398269005224358,1.913363927131136,-0.0567273009183339,0.884666815256596,0
-0.702815714491347,-0.653834307413683,0.246485619631091,-0.624437004129766,1.07789436624594,-0.339729687575041,0.356855166623377,0.457239607399919,0.795381392338938,0.916362308314718,-0.0525789968959243,-0.280812557522687,-0.2935613961896814,0.218104309260165,-0.234895765944774,0
0.603491085050949,-0.795182545447338,0.0976627101403305,-0.954728164548934,-0.149307697173257,-0.0800525724730066,0.745841255998124,0.177587536918793,-3.91480644043088,1.28009100996168,0.194122685496397,2.54770299644878,-0.1202892504519538,0.299298190046119,0.520300030947019,0
0.348671491212681,0.0456519333079763,-0.837287393675373,0.282269538614058,0.373720016262333,-0.949374389867267,0.855938872231888,0.235602271879938,-0.230723751750887,-0.421787435898091,0.373469293165448,0.076394874254233,0.389375608399388,-0.0016517001133054,0.876379251472629,0
0.143029188579682,0.0540714035398653,-0.322967821100732,0.411419978767992,-0.619410053363752,-1.04612236667303,0.796262777593676,-0.13919328231738,0.229086051267168,0.0009986193010034,0.138519580224933,-0.281500105831042,-0.2921707690168266,-0.0662089190377263,0.440022140075586,0
-0.340976186859302,0.932414188420879,-0.769763475899982,-0.465615510880619,0.359942450091996,0.0053616344078742,0.773066240002718,-0.54420472822621,-1.32918787767481,-1.21279582219431,-0.694548479584381,-0.255835146352058,0.5232930051453205,0.0022024964774577,0.046212400647247,0
-1.60208945483423,-2.0390220039165,-0.374219488483753,-3.01979320387118,0.629848494776516,2.84785072883527,1.39480440450576,-0.8462565431245,0.296223857305653,-1.74911712571452,0.347601481445949,-0.143498247335962,3.75483242942567,-0.0783106584519801,3.51869423919537,0
-0.367280007666704,1.57362373538046,0.352065460358655,-2.5973902443622,-0.242311586137507,-2.02329030904018,-0.703869679617599,-0.520381712407749,-1.90285501490692,-1.66789863346922,-0.342243964133515,-0.151465797485691,-0.2391878737310526,0.0485217731530016,-1.19991970921767,0
-0.369617584933805,-1.07204992070877,0.338800870738185,-1.51633852668717,0.008066727733995,-2.40657712696784,-0.22262994318499,0.528423009081728,-0.0213964816456463,0.861138884740616,-0.855723815076179,0.324431299846938,-0.2850785704352662,-0.0264394035311781,-0.485721612907278,0
0.292143419706576,0.0556042796233514,-0.578043461982587,0.894610685668396,-0.493873833670897,-0.335282377538589,0.304984471326312,0.0106040699586337,-0.0869021894824819,-0.0048183249710915,0.570831725675175,-0.158113436693868,0.1112501738283966,0.0254868592441979,0.244974357549015,0
0.92502601571693,-0.589886900421184,0.0896335725570397,-0.185899700279648,1.33180035155625,1.47903738760691,0.441788790600335,0.121550249191919,-0.190013306686873,0.283203969247135,1.26219684615866,-0.0088891785830605,-0.292031706299541,-0.147524719041225,-0.920596299683137,0
-1.94426749669334,-2.01716975046735,2.17911002274022,-1.30753437785447,0.536060799324063,-3.21034700868162,-0.471578809355447,0.37634726866302,-0.261803050528635,1.79111599543344,-0.741689715111838,-1.23718084394669,-0.2953692115143929,-0.301695566617504,-1.00072140074392,0
0.900507136160186,-0.632707056551981,0.487079388323249,1.05306586144291,-1.21110540794647,0.390406013945553,-0.193429667382002,-1.08095904863559,0.981899098182795,1.18949919426491,0.911125466003106,0.131364701855666,-0.1001251564455569,-0.077772576447144,-1.17359278618217,0
0.34323102639397,-0.1413656977412,-0.643142941488127,-0.143964509994539,1.29433554529939,1.58545979184277,0.628965723084475,0.395946084589922,0.591574963968287,0.979674031666892,0.304217295466808,-0.175354806084316,-0.2646363509942984,0.260786292639525,-0.650868071891479,0
-0.997308084948198,2.9805133951192,0.678764020379268,-1.15947630679263,-0.958918700280753,-2.58332539254738,-0.757883682985347,0.34749520357083,0.0699957663614111,3.67058689267286,-0.633208912319302,-0.73411321964825,-0.1814768460575719,0.843919601830367,2.52378354354709,0
-0.966396364783176,0.311152117202867,-1.02350881712777,-2.12680333301768,0.630490112260051,0.881588911890199,0.211637207742545,2.04381270836211,0.189471625149096,-0.694284408026982,0.474176526246748,0.384547902908022,1.9581421220970656,-0.147508669324261,-0.83639592004159,0
0.0569568876042456,1.63795553980724,0.528650634845433,-1.6591200460075,-1.79286566406153,-1.29125703490803,-2.23998814119974,-0.415537284405079,-1.22580013313722,-1.50569014245939,-0.0022344517204263,-0.226937184815731,-0.097343902099847,-0.0092824622851684,-0.851465627098988,0
0.856992656804398,0.203680854091231,-0.976201298296376,-0.0633415802183448,0.0431880746091364,-1.84994715089434,0.0448555029788471,0.262584141302078,-0.0139631547707032,-0.179061836319441,0.339299552313378,0.225708554619021,-0.2685301070782923,-0.0343027770089422,0.562089360052624,0
0.97278874594094,-0.147487162813619,-0.272315847265041,0.485501251703601,1.51397534855303,-0.743538773112131,0.512285139896946,0.154543076877061,1.01939151899798,-1.66019364851153,0.159728394653561,0.343967061378982,7.508691419830343,-0.227167304436663,-0.364744364526093,0
-0.0079349089518171,-0.675251768897319,0.492282264646472,0.868625091574408,1.2581377261926,0.204708999522891,1.16155967748878,-0.342627756389073,0.147610083483892,-3.12550226522242,-0.296947585712446,0.365656558035747,11.21610346266166,-0.160588743955575,0.853050090694039,0
-0.00128807688434,0.927131740430615,-0.0297720183701329,-1.14529728279699,0.736807279045356,-1.63501885635048,0.447025928946078,0.889223123058092,-0.330865006585548,-0.681052918571311,1.22272198942141,0.0567241768376892,-0.1184814351272423,-0.0420209153333524,-0.822837696586692,0
-0.754059778267245,-0.98691564240897,0.106487042251953,-1.82362941897726,0.0160176060961017,-1.78903044220549,-0.11512738907098,0.406642708991256,0.32230935735778,0.415116139703453,-0.944721525119375,-0.208519080381164,-0.2784035600055624,-0.0623716171922462,-0.0888429050948678,0
-0.193016224947055,-2.67399025535519,0.0464275046940434,-2.43983700484558,-0.322778374920564,1.67169286533508,0.799583082934496,-0.969697631569046,0.450960895499536,-2.58816304678763,0.0727856898087844,0.590345486120709,5.313447364761506,-0.0563863693860919,1.73858678201011,0
-0.115112926884902,0.297237905166168,-0.694598199173748,-1.06888109408847,0.260114367805838,1.9664579001179,-0.797054513111082,-0.862950335413103,-0.364476740191097,-1.10883709769699,-0.712832666109556,0.0846387181697726,1.9350577110276728,0.0079698827686274,-0.246215535743421,0
-0.705443044147846,-1.30586759057276,1.37001151194038,-0.740349125300555,-0.144922855429239,0.0742314616838532,-0.285223122432906,-0.67617754098986,0.735944734350488,0.735569495815441,-1.14587843351541,-0.181706943091301,-0.2539285217633152,0.124679105116844,-0.348127551313449,0
-0.17675162419697,-0.0352043720365089,-0.0336619354461371,1.49386239732992,-1.47024045104948,-0.556647638498319,0.416375268699833,-0.390858744389512,-0.269292261096235,-0.357409779042041,0.186763978535458,-0.506344406711131,0.5353914615491586,0.039690236129141,1.23967841490832,0
-0.333819610103239,-0.536392783484399,0.95199493914227,-1.82674602372956,0.0888807345663853,0.945578861928106,0.0713953414564843,0.513464848084898,-1.43224811987897,-1.57136153914171,0.275143015206617,0.283226021844769,0.7317480183562787,0.0630392865327012,-0.586730309605496,0
0.291042674372723,-0.154839543963811,-0.286511635987952,0.0973769270331218,-1.16071627166663,-0.0955733239724285,-0.242074532627282,-0.150173761353877,0.392859826762103,-1.72679404135114,0.133698401528651,-0.290574742960629,3.2371019329717696,0.700284678864489,0.360063178390005,0
0.0759819727891444,1.01968462660013,-0.432067310033368,3.62025434258217,-1.93468856960434,0.795581141794622,-1.02222412739787,0.817882097573577,-0.279141516808712,0.422960621106459,-1.08382911007205,-0.408902294764323,-0.0025031289111389,0.0170678348430334,-0.517122736013301,0
0.299827367840032,0.168897316932779,-1.11904315680996,0.0648092716233501,0.814156490035141,0.15768318616393,0.451808065362238,0.118807081570811,1.11575174948279,0.883701843651683,-0.545967375812028,0.338505730942819,-0.292031706299541,-0.265631643439625,-0.478723783571524,0
-0.292909027215452,-1.87694744577874,-0.676894923772914,-3.3569555495654,-0.63333779784194,1.05326565211067,0.993586815475873,-0.448618940754197,1.33496164606755,0.828786964261286,-0.405097752899952,-0.0041276104388543,0.1414267834793492,-0.0233767663264257,0.888467511475296,0
1.36890748793247,-0.644305704201013,0.0386410275425704,-2.02521924499319,0.843574928113372,0.881100545347893,-3.88480996621945,2.03646120678349,0.381964479649044,-1.56459977992726,-0.12826503744967,0.553097263973594,4.461131970518704,-0.0483698103327959,0.46123272620535,0
-0.716159345183306,1.27830734147995,-0.24795538715293,-3.10228611877606,0.0999617135866182,0.769310411217249,-0.325803067877678,0.150129392604141,-0.486385529347933,-0.958016110501147,-0.302583001876998,-0.252410028169625,0.7926574885273258,-0.15216729637295,-1.91992980107198,0
0.720421451999445,-0.0626578446907844,-0.48732717492602,0.191252511730869,-0.973338890624502,-1.48440758605716,-0.374364518750207,-0.200556433693682,0.0807142618224582,-0.117492525101854,-0.167345087651144,0.248771689845363,-0.292031706299541,-0.0045338644507617,0.941184413869975,0
0.0532705146312531,-0.0905919459983964,-0.0109924805562255,1.46338928243094,-0.765817709736697,0.40522644057776,0.418250277174755,-0.425105136341581,0.175314907332791,0.173597595219352,-0.0170015709590669,-0.115021637056994,0.1547768043387568,0.018385054784655,0.299446270574894,0
1.28370506942222,-0.540862578759865,-0.4214361364708,0.318305343032743,0.291566042647954,1.23798979056314,-0.768828889975534,0.445625850407771,0.315762702460129,1.11500018104507,0.307099079759801,0.13400549907784,-0.1514392991239048,-0.0937340836197065,-0.808812785363991,0
-0.599506826092022,-0.215988118377487,-0.153582589186872,-0.0830254056248082,-0.443063942563802,1.04616499494181,0.0192438067240008,0.448337695693001,0.729613291027692,1.33101254993869,0.0111865680745225,-0.313602820452984,-0.243498817966903,0.354437524295586,-0.240445103514178,0
1.22122849938873,-1.46873261954432,0.681434620912673,-0.440323357894607,0.875259878330869,1.18629788570121,-1.42606061085345,-0.585857703177981,-0.614414344122035,-0.230346675695229,0.223468382961967,-0.129824099546106,-0.1411486580447782,0.0681399560616075,3.01678063510671,0
0.495650916703817,0.0354872599302482,-0.46793092460289,0.997466839724068,-1.07974295530802,0.135555296988652,-0.531451226424981,0.2431888216287,-0.0785295593064639,0.205222381564503,-0.461824497865398,-0.112909895833679,-0.2377972465581977,0.0316162504172329,0.219351003849819,0
-1.66667929687443,0.0757723552776566,0.111280430793239,0.238105125887956,-1.94442496676893,2.29330442683427,0.716746432525691,-1.85305175969104,-1.17015060919449,-0.846843192888548,-1.22743060582818,-0.0743452052180365,0.389375608399388,0.365684314956356,0.614843572618244,0
0.012001781168647,0.982557679713825,-0.703287465056369,-0.626314004125342,-0.0815807782578976,-0.895152435240653,0.185994648403553,-0.759521363227301,-0.993873661060216,-1.22068857289616,-0.453000964894931,-0.214878837204677,0.8621888471700736,-0.0423770105535685,-0.136441154849962,0
-0.27366912737358,-0.283324608832411,-0.174047843331038,0.273922778128199,-0.400389140358934,0.704813551035567,0.702240304373703,0.103978912594657,-0.224387668064443,-0.233371611900075,0.100172443322396,-0.0338904536978155,0.4589069670421359,-0.0623265285471527,0.530341571697231,0
0.651146241827983,-0.5035142022015,-0.251048546064901,-0.442704106414814,-1.01538024820699,-3.42064711090826,0.833432472048312,-0.878556145359986,1.81218368225341,-1.74989892910373,0.611864729112891,0.571202048966061,7.653177583089973,-0.247584450301179,0.141753368639673,0
-0.445367473277862,-0.482063399440104,0.274135645627848,0.0957264890669429,-1.11203680583312,0.888687048179038,0.203946447257409,-0.241204648639316,-0.768579953291469,-0.476584586017255,0.296493719757227,-0.241359559276133,-0.0974829648171325,-0.0226382719964032,1.31904399643297,0
0.821312526648024,-0.161058112821394,-0.719027043545268,-0.59371691218928,0.139078991253087,-0.230993468687986,-0.190694425712841,-0.241107057156383,0.764684534780001,0.848043189368033,0.988796511037724,0.360353441477467,-0.292031706299541,0.482815991474879,-0.0495201285451422,0
-0.0980847274250604,-1.19982544096918,0.434233290124982,-2.49180030864647,-0.61243517801306,0.391214892491104,0.894607996543752,-1.7650755035364,-0.0682315881241626,-2.05529168391975,-0.70756267572249,-0.634786884350051,2.0602141565846197,-0.111636590458022,-0.0148494760304367,0
0.184456407682875,-0.53771574450754,-0.153953702439825,-0.208565190271253,-0.961203360774208,1.21816099233727,-0.0720329554855831,-0.290563456222873,0.439610578928874,0.0348915794197302,0.772523062175835,-0.330489461380148,-0.013489083576693,-0.0127873039130597,-0.444386328943167,0
0.478582643212905,0.0776678044851743,0.145510606935275,1.32860046438535,1.16741241206306,0.498385653857671,0.735213084082945,-0.538418032026758,-0.110423125485535,0.111321696197022,-0.145370102633086,-0.0531300052565284,-0.292031706299541,0.0309648947969369,0.174674550571332,0
0.13525382526506,0.31279393701936,-0.831413510992614,1.17311695889486,0.902206699249015,-0.628849134502119,1.39196129810194,0.273258380954264,-0.282531529808087,-0.195197182739533,-0.296591141217628,0.131068338739826,0.3754693366708385,0.0333617652325184,0.402117557344496,0
0.084085344971895,-0.168148219860413,-0.285699778776806,0.24850506890855,-0.811168778839411,1.56008905151131,-0.280411737722037,-0.0775849579216758,0.552818814403784,0.941771896773746,0.845646144780336,0.0929187607297592,-0.2665832290362953,-0.242075095743687,-0.579894321828814,0
-1.21666853287196,0.0884810096929745,0.843140228369363,-1.02811233873233,0.214372230551019,2.51678452014571,-0.0597211596338832,0.483504521382273,-1.17004610224131,-0.430952630904701,1.19141062881486,0.279300660136347,-0.292031706299541,-0.0165787254393188,0.0746999518860542,0
2.01903958375222,-0.562294297930397,0.675015694240414,1.25198240214152,2.11912949976798,2.34624207340634,-2.1526591495173,0.205532922492878,-0.602980793779373,0.998563364236628,0.178227653254092,0.109442834528872,0.1529689890140453,0.223605363466362,0.686556237438997,0
-0.203534700773322,0.997131264519238,0.315102977810622,-1.28347936126384,-0.36323229688964,0.941842982834187,-1.33490728356919,0.976814998236509,0.433261108279036,0.358475808646652,1.00961971396738,-0.204912812567879,0.2642191628424419,-0.93464789860534,-0.88486775448001,0
-1.69671404748656,5.50542383997804,-1.15578480905134,-1.37864995621115,-0.181578343820628,-0.843043389695211,-0.679183429199656,-1.22988269707564,1.96453360927126,3.14939829224608,-0.364512115834257,-0.419843022972409,-0.2879988874982617,0.249212106412766,3.7058591826841,0
-0.504275595487604,1.28235043157865,-0.262247712087066,-2.82937577576752,-0.406548315299127,0.255157785018185,-1.06050705370883,-0.220114869429665,-0.0959370628098308,-0.682919350829677,0.305741625079988,-0.162973373801851,-0.097343902099847,-0.0864977783445812,-1.92200386124184,0
-0.587790937975527,0.868640039413523,0.737262191427523,-0.349027305076278,0.166834462341473,2.35814257562047,-0.948886247591603,0.528547624906696,-1.22856974616118,-1.40583011624512,0.928513451122424,0.488967171982828,0.0,-0.0653201074888708,-0.743057015928004,0
-0.0872911552183537,-0.666919922578831,-0.349231599508261,1.75548935743247,-1.63430704832657,1.38878392383458,-0.382233907230471,0.498985207270475,-0.012602088865418,-2.69037585851636,1.09992781793648,-0.19355923392804,3.1558893060770403,0.38355404041621,0.0983256802215726,0
-0.590460825475282,-0.490352568540929,0.979158231257863,0.178598825872951,1.76681172282559,-1.96971398288244,0.940378255639359,-0.406958722341601,-0.076740815664699,0.0295556488881886,-1.17281932038236,0.306107305722329,-0.2722848004450006,0.0489123026663798,0.324945454543255,0
0.220594519872788,-0.287141589024009,1.1858923099798,1.36850172967619,0.0717657420429196,1.23905888490871,-0.226609933053563,-1.1341301878437,-0.99522026530759,-0.463998665104347,-1.93419248160542,0.0709884463578817,0.2496175775274648,0.122714329685902,1.11673475419181,0
-1.09653053813741,-0.436288495792005,0.0978620387357186,1.45018316255688,-2.53440610602288,1.16649121266674,0.288826013662636,-0.390940554938612,-1.11296288573405,-0.533432811067365,0.338757563616759,-0.119692255749358,0.1793909052982895,0.117285607325144,1.82919950801535,0
-1.16174539216845,-0.547437541142792,0.378997393415991,-0.616888655394277,-0.580848040427974,-0.517024197870826,0.106721397351392,0.244125805662745,0.984420650647034,1.23235464582969,-0.320935327980643,-0.364380662810005,-0.243498817966903,0.335090196515454,0.0836904667679518,0
0.357078664091409,-0.369827698540688,-0.789327501108632,-0.68538442775889,0.444536439289916,0.0512067766065941,0.912888623700815,0.0921105885120747,0.679944154179379,0.217979827812106,0.240459178417129,-0.0278566298528446,-0.1728549575858712,0.194172231861283,-0.361445956474653,0
1.62182386086336,0.133609816709407,0.855418575689781,1.01559461174526,0.939936941604546,1.50878562013536,-2.91603520135782,-0.831627576185999,0.76967705960947,1.25083141074522,-0.264213071411622,-0.0100774873574029,-0.1010985954665553,-0.165766041470405,1.18934348801225,0
-1.02368729104378,-0.236416590590578,0.203532968116979,-0.707853104065719,0.859863979094823,0.167805570439939,0.0833654297884399,1.10886567040695,-0.151021907940869,1.31808097325688,-0.172518347896682,-0.260525160213482,-0.162147128354888,-0.596774325719222,0.566407285990913,0
-0.0355014473402522,1.61305297655354,0.349718651918874,-1.37850539234096,1.35146097524734,0.529533908565428,-0.284287295753507,-0.248454263403598,-1.01413868204914,-1.04968639016844,-0.0333108463180112,-0.145961184438343,0.0417188151856487,0.0222185226439668,-2.07457517249988,0
0.801196183838131,0.176385359502364,0.828817585241538,0.867551387723401,-1.09276758637827,-0.585573598129349,-0.736373252643164,-1.64110107516569,1.23948313562231,0.828537257247369,2.96042991370102,0.222509121318598,0.3824224725351133,0.117198732068303,-0.895492722578509,0
0.442521509286443,0.158531330463264,-0.831949363429533,0.931818331474151,1.12129648728196,0.17678095400569,1.10901306949624,0.312898951180948,0.1719138898517,0.303986651793274,0.0331787849580174,0.0741724130433884,-0.0342094284522319,0.0107983869128847,-0.353032475922028,0
0.374570344839098,-0.119688935167779,-0.549183633742223,1.58144460129228,-0.594163347666949,0.398425921744264,-0.274648023510576,0.523436062019576,0.223956014347404,-1.10422887749768,-0.758791187517623,0.386521811678223,5.223612849395076,-0.0369508124349401,0.348462583540594,0
1.6105533490761,-1.82440358156673,-0.101015898137091,-1.40662614768072,0.283522400450053,-2.26985525974387,0.143827637863585,-0.941586365607885,3.39352116254518,-0.655433010406284,-1.8401069907249,0.886939325003425,7.915032679738561,-0.197485514897672,-0.990247720457125,0
2.42801187132929,-0.518258784764837,1.82223449304873,1.25632616930286,1.60634195106108,-0.0832970050956021,-2.52549252463935,-1.53234065001431,0.155668231625311,0.0338961928217827,-2.14918476797647,0.0315107779491862,0.9454874148240856,0.0116329946469164,1.16075853070591,0
0.167106160395181,-0.213183133437208,-0.488747240818974,0.207662948332556,-1.02323623608635,-0.527053919830466,0.0411714239281436,0.271745162742061,-0.363527544785195,-0.636479577658582,0.106185581962875,-0.212649977949523,0.860102906410791,-0.0154501538504792,1.38894581449649,0
0.437125821620888,0.136689451429382,-0.0243876790513601,-2.41678014083045,-1.55068829859634,-1.2152725030442,-0.773987552796704,1.40583723559061,-0.118618390180741,0.921722229657323,-0.274613596658954,0.568347212428189,-0.1668752607425948,0.32231055184323,-1.15343475061493,0
0.381516374403912,0.0077581380657732,-0.677694949728226,-0.0741541187514567,1.30811504195532,0.0453950287349484,1.13993732527813,0.45488146140626,0.146535470699952,-0.0318081334341202,0.476227021879887,-0.106083919464822,0.4269225420664719,-0.101160789966764,-0.287443974514551,0
-0.625566629359006,1.38595005574929,0.0906551959713995,-2.52662428356729,1.41404514387676,1.34599898774931,-0.0288869464731245,-0.413147304005609,-0.164627522110223,-0.561826132660578,-1.00581782833321,-0.110615270909763,0.1112501738283966,0.149519680836418,-2.31498912641251,0
-0.171628052646928,0.801324651820405,0.588498658643175,-1.3100422688434,0.901475835740009,0.312815597558511,-0.40723447181716,-0.72522733402619,1.73233245311876,-2.05707130098489,1.00436761288466,0.190063423293387,8.719232373800583,-0.0372834928016993,-3.21825064658669,0
-1.18788884763426,-1.49786802934524,1.10492697596502,-0.399464340760696,0.874240319731224,-0.119029091598369,-0.209692951726237,0.0951476384910773,1.23418395630604,0.526279939710425,0.778697659410074,-0.051650399515049,1.7032401613127517,0.0904281706455169,-0.0846190456477335,0
-0.323418572633664,0.380999161540494,-0.104299268170131,-0.292200724514892,-1.5114505953703,-1.63587553883038,-0.772802827711479,1.47754203906913,0.0396684779897496,-3.50565984896473,0.475613408533886,0.749058507897605,10.818940342094283,-0.140196973624921,0.117510457083246,0
-0.243865442144882,1.52757567208582,0.324487246010048,-0.633174542361312,0.868111099639819,1.07939937825741,-0.11266664517689,-0.0212159176107799,-2.13460572855417,-4.31317092955023,0.852728597171164,0.0220114784642635,1.80086218884717,0.427587421033429,-2.29519901989484,0
0.328816567149395,-0.0472496402062155,-0.610676017929663,0.138610721658763,0.396011577752972,0.490743947139401,0.257277910441213,-0.541754801351812,1.65882446048469,0.962176922889664,0.200862890648903,0.0158094831129689,0.14726741760534,-0.505286340352119,-0.727049593227888,0
-2.26243383346169,0.352714478020412,1.82809321735281,4.26335224568218,1.24588777021084,-2.34924607679059,-0.728203313728115,1.49997110571338,0.730886170667718,0.921867399813143,-1.57780826833669,-0.0921484337821365,0.9596718119872062,-0.0490806688161396,-1.35404444370901,0
-1.17495385753279,-0.563587808722992,-0.870773959422604,0.630396549455607,-2.3730307147362,1.85340067334165,-0.0290276709867411,0.256067797550823,-0.225830113351361,-0.774068708287915,-0.467562968963074,0.352208073993449,1.3394520928938949,0.146306237171407,1.47573198278688,0
-0.382307682499448,-0.0859690431699648,2.34687594502294,3.24225730419773,-0.805890976822929,2.50546882455887,0.302034505381855,-2.07375930973943,-0.89137594693823,0.487481844664075,0.0585463587594405,-0.0753709481309757,0.5989431233486301,0.318113095677994,-0.178031885107364,0
-1.27085201320824,3.03668012699189,0.0049583025748938,-1.10642358160324,1.08419693197783,-3.69618916018104,0.0574009156368273,1.59359930850707,2.29333320429663,-5.33442998147911,-0.202182335500302,-1.77265786882636,8.286747323042691,0.0235700737505881,1.86550448286226,0
0.785635962341161,0.343252963095731,0.0840898502389423,1.06516634743305,-0.464819865805848,0.117885438836319,-0.404866131651234,-0.570242441503912,0.746559745105002,1.14059752452552,0.284559635708331,0.138863280369777,-0.2572660269781671,0.0326035023123874,-0.334200442536888,0
-0.306359964166952,1.56660139919438,0.556644901504054,-1.5632452868734,-1.1497096793284,-0.976417568116986,-1.19867812049595,-0.540461704945913,-1.17587888869619,-1.45449377681068,-0.180465794800142,-0.197577162835375,0.1112501738283966,0.0061160461969938,-1.05955093007339,0
-0.146550235108406,-0.562504715505505,0.249960538464453,0.786227416978078,-0.607646544107593,1.4827876971416,0.482597991481359,-0.836982721460571,0.71860019560977,0.94757774201131,-0.228691724871602,-0.0288834703144319,-0.292031706299541,0.0707654780998596,-0.337144985645159,0
1.36154651868434,-0.181805502050558,0.976455556487928,-2.40985321137651,0.725004455149095,-0.790443219059589,-3.35442992168018,0.551482020018112,-0.37850940700017,-0.303914759646803,0.639826771690595,0.209177927339788,0.4171881518564872,0.192961645482628,0.0998241080447036,0
0.0171842904608707,-0.133870322249673,-0.184764631663279,0.989607194883577,-0.972053736500534,-0.18175643201299,0.715993822530708,-0.517583867686987,0.287872184991528,0.354062029907008,-0.124629858854995,-0.0506382338699107,-0.2895285773884021,0.0335664173923748,0.0092676017635289,0
-0.0818416614119682,-0.792222108957813,0.0990333921489309,1.06734854257619,-2.06832624023241,1.66260571015353,-0.327676906523977,-0.108800106969249,-0.0903243272950356,0.719532741000052,1.07017897716381,0.0284528577147162,1.1951049923515504,-0.0082840092228741,-0.118647745337449,0
-0.224987048489463,-0.380986780526359,-0.269736503720552,-0.301119780198347,0.907651474236417,0.919866209067282,0.327782425120188,0.546142093305593,0.497866360871464,0.981350798114768,0.167232888588141,-0.241321180354081,-0.243498817966903,0.255261552602956,-0.575317537330102,0
-0.440795894743043,-1.35324639195409,0.660835505488329,3.46678153611518,0.0250734888133422,-1.03236766125819,0.913412999168539,0.753957275873358,5.45257765341116,1.4260828037032,1.71999865650842,0.743210580550616,25.68321513002364,2.03867819414038,-0.88644939129177,0
-1.55016250414868,-1.50597238453434,0.934446162072664,-0.54367083901172,-0.697767936644854,0.138716391605324,-0.0107723888274523,-0.0041764926382209,0.535798000458327,0.0843365854216652,-0.320681913813639,-0.135264320800731,-0.0278125434570991,0.0472688794519931,0.358105627036348,0
0.763116031815235,-0.060581075168387,-0.0156265835797072,0.343576797478756,1.08736336187348,-0.0801858933269096,0.130737749396936,-0.0509077526287513,0.244423402583562,-0.749387618633821,0.457559367703808,0.0800567881246847,2.572660269781671,-0.147156990380365,0.212158296618251,0
-0.0572410061370544,-1.35527932899159,0.847022021260084,-1.54209747801595,-0.410918986709039,-2.47628352549185,0.185294887278768,0.610347948953838,-0.828734533007693,1.67672720960281,-0.548528338054204,0.185726724599319,-0.2950910860798219,-0.222060453821816,-0.493431922340877,0
1.00342086875162,0.99086244029942,-0.0874779059909268,-0.318242604916557,0.947504969015652,-0.581420702377572,1.52418930172955,0.709970207718779,-0.763992459211277,3.05488759085627,0.100836990380796,-0.251135620214718,-0.0696704213600333,-0.0499195280940301,-0.114903244675815,0
0.0818736741248907,-0.869751927035036,-0.0161060018739664,-0.513456104024545,-0.934663927167526,1.41499440657879,0.831723974602797,0.0006771634645324,-0.647423081433957,1.85372304382719,0.306634027335595,2.11884825487541,-0.3042692254206646,0.303795947576955,0.107335652292996,0
-0.941050204934537,1.22475436920873,-0.849978940662458,0.242855054158322,-1.35590173494855,1.67021640458578,-0.37913999380006,0.294293817219985,-0.120447973186774,1.55967295311106,0.28010905074047,0.320679394328052,0.0097343902099846,-1.780498234581,0.981972324404706,0
-0.784175168071233,-0.351149629278644,0.740242425422866,0.470206033058659,-0.397483006857178,-2.54266196625346,0.419383985676404,-0.267191258100331,0.802867192560668,0.338045533680299,-0.0318358604027582,0.0449440541628084,-0.0422750660547906,-0.101458021776227,-0.0224722972672608,0
0.013542345319024,-0.0838023568308136,-0.654101188776915,0.0715076135230553,0.777829320085692,-0.463702823092421,1.07944154827496,0.266170415099752,-0.727362226780226,-0.765221444360345,0.0731309009184477,0.271808492525708,0.7363370880267,-0.0028705538929392,1.2568768039427,0
-0.0337774522526473,1.36664838455401,-0.523527709525973,3.79513516445918,-1.57053404378298,-0.717996093985502,-0.156002192081384,0.449413659411134,0.0577702951139307,0.473077816013397,-1.35491631338366,0.0645643570581327,-0.292031706299541,-0.0270780227732078,-0.644858481635665,0
-0.514532560599679,-0.540827689624106,-0.297372886504887,-0.384981692188206,0.385408895569179,2.03099665682099,0.446954606614331,0.003975362893812,0.189571804553576,-0.698047121216126,1.02422745890342,-0.0213215692766887,1.594493116395494,-0.126873049087926,0.624088062571532,0
-0.971520641658866,0.414791018643661,0.321819375966197,0.260535452495916,-1.232225560334,1.53876814886642,0.368257475539599,-1.57282735887097,-1.28313805231828,-0.98774050751679,-0.629530725825486,-0.376944097580654,0.3708802670004171,0.0482860042076155,0.330298972009482,0
-0.079207040441824,-0.25142560305247,0.0527149905966225,0.701694623685261,-0.249858669853365,0.283018634373584,-0.324882343016372,0.529193303922895,0.0142778464010797,0.281164665585179,-0.189016258669576,-0.300565055834295,-0.2935613961896814,-0.0297701036199573,0.191846036493394,0
-0.374418817643553,-0.552122628808136,0.294526229350461,0.0140779617706722,-0.0126605938186682,1.26313781133877,-0.0648038322483319,0.0962774510882069,0.626768955176983,1.07291224802079,-0.448761802937124,-0.237452176904019,-0.2560144625225976,0.261139554944052,-0.378850156625836,0
0.612993173700984,5.27016227887576,0.407352830730795,1.36918490202526,1.32842594930375,-4.66342649396946,1.39315064230762,0.413213670114762,0.486895247844793,1.60315906206145,0.0172454194972637,-0.996694144927072,3.170629954109303,0.483081139492603,2.56254654514497,0
0.164587223211771,0.72545246686889,0.115665730241673,-0.42479338150147,1.22193355370044,0.0877249729344109,0.969077362279434,-1.66732907002692,-0.138266201073606,-0.813457298247516,-0.290621991523226,-0.309491988414962,1.381309970796829,-0.090928002919644,-1.15427759497223,0
1.01330373324028,-1.25648104790313,-0.422730079058668,-3.30223245423973,-0.513120903876049,-2.66002458868825,0.318362195813531,-0.469664219844561,0.255876132415654,-0.265364437829375,-0.924783632620659,0.319411028383988,-0.292031706299541,0.246597293040878,-0.0499574601051681,0
0.34493804526352,0.042834788478388,-0.656698845926144,-1.56515573291598,0.938176893265011,1.11115912291802,0.108961170870211,0.654531865611339,0.146225706274754,0.96827529656638,-0.67653382779745,-0.113888430352179,-0.2750660547907106,0.177282549270551,0.286264716729395,0
-0.272535593326265,0.903058724018,0.179950008498499,-2.61395759234326,-0.293303651141342,0.0393059910408923,-1.4301593560658,-0.187166830170268,-0.0984714106403481,-1.24084822904664,0.924496516038366,-0.172700442219447,3.6670838548185225,0.0465307657162727,-2.74715977516251,0
0.540862624819667,-0.805109176160932,-0.554218218847298,-3.24185792654573,0.163239601009771,-1.37434741969673,0.120406389135556,-1.85417910241063,2.16970829976515,-1.86290531957446,0.169018520514791,-0.209071388525912,7.30746766791823,0.358612884463092,-0.543171386080049,0
-0.45586669227251,1.66340720225537,-0.300454145251866,-1.79091878160914,-0.453652374106572,-1.33153870352877,-0.256896314704487,0.0833413228603223,-1.10122511883196,-1.79570512634645,0.576270069399153,-0.119644891214624,1.5433180364344317,-0.0032483470662073,-1.34880960505542,0
1.48290650144641,-0.0998412659078283,1.49456153299214,2.66299464735042,2.09473973493956,0.138084750566132,-2.21800677539069,0.97615603176475,-0.325557233624139,2.20518259563365,-0.403068725490952,0.0647793009174794,-0.292309831734112,-0.542746867844674,-0.410002228655401,0
0.149755322886475,-1.14658862052044,0.867810625345165,-0.342451171588286,0.194061009470335,-0.286091406407758,-2.5031062182442,0.261244034465833,1.05898592719179,0.840075838712625,-0.346001196310772,-0.457917555556016,-0.1710471422611597,-0.158129554090937,1.27111345214913,0
0.300650401845227,-1.54066990242807,0.166033799393908,-2.41993034741738,-1.20354208016034,-0.102606236469934,-0.0183606825226656,-1.70631265604655,2.66266956820232,-1.12375788632213,-0.84409015526754,-0.205674085885651,8.316089556389931,-0.384007491420165,-1.494818979471,0
-1.77271681138324,-1.2962643718892,0.386020495190203,-0.238739637315787,-0.211574858892686,0.39508432868224,0.380935166954912,1.19200445371459,-1.1277550538735,0.197091720857992,-0.219086082070861,0.230398040221566,0.0111250173828396,-0.0143883938901946,1.32077362354149,0
-0.642266175824391,1.06465008601382,-0.366948038126012,3.35650471379127,-2.27281252487797,0.806433350371623,-0.367635592503177,0.0667528500057921,1.01352870902962,1.38654219607514,-0.0474828224860932,0.16614111063057,1.273258239465999,-0.11572583842896,-1.11335966573294,0
0.302993558131787,-0.214376144972515,-0.574199933398342,0.316438106690345,-1.06859887624194,-0.658536005783436,-0.354235458908589,0.221412522662772,-0.55520440764496,-0.706390828065863,-0.38682507802766,0.257974047954394,0.945626477541371,0.0322167798293478,1.57742104647981,0
0.595691172342105,0.305645410937554,-0.580096099902121,0.0297760703615864,0.439886363904673,-2.30778410425707,1.08099966698344,-0.332206200120756,0.572750209305813,0.0704838327773704,0.594440791011349,0.115553014646739,-0.2953692115143929,-0.114645373511955,-0.172335832180388,0
0.375351767306664,-0.0893714824232083,0.307077440586699,-1.74387628435124,-1.19752339354543,-0.165675004691967,-1.89545910980571,0.703853007653876,1.51732546673461,-0.492785433058984,0.462176941825975,0.503157476636972,3.052982895285773,0.0251960173290368,-1.32456247186433,0
0.239955484214817,-0.109013867332819,-0.647090538856976,0.346946657167236,-0.371656440153634,-0.776573122343665,0.93231583029978,0.138715419012899,0.138837656693476,-0.0314503325085741,0.0009917086744514,-0.397558376780496,0.0706438603810318,0.003238928435807,0.593937111498803,0
-0.167203263270521,-0.668564110712268,0.527025147264207,0.323650776250657,-0.505472692182557,1.76878089284848,0.11584652368533,-0.822715042409627,0.384729146312725,0.629052237930811,-0.149164419939795,0.0238876589924055,-0.292031706299541,0.0252579624409458,0.10660808171308,0
0.130794721017918,0.93261165387525,-0.521723417230775,-0.755787413764678,-0.929650107283515,-0.735870822172217,-0.0865874916669111,-0.522773878580893,0.967776898106546,1.65237181947361,-0.0955863552117982,0.24375971690899,-0.2743707412042831,0.92931756433912,0.738668065136606,0
-0.14068807457294,0.374074994715684,-1.03741505363886,-0.0198503576883476,0.496104396718463,0.270284312822671,0.588627012212333,0.0248116148693674,1.88261822480513,1.44144444032476,0.235778338440438,1.45417519897778,3.0471422611597827,-0.173823329840827,-0.5856994274342,0
0.500227285036294,-0.0346987030163679,-0.42691026062759,0.963916401753598,0.926742560879389,1.35672380537548,1.00976900073432,0.242300329245037,0.051983130321821,1.41812326990055,1.03195211811288,0.0618805144914652,-0.2781254345709915,0.294414130662232,-0.993441476469681,0
-0.357747836651158,0.011260528658166,-0.141420680650571,-1.13015128717054,-1.21406119943506,1.56915851199854,-1.27036556526468,-0.220105902501279,0.688474630862457,0.677114305122622,-0.294409161203842,0.54015901108042,0.1101376720901126,0.0965842280915732,1.34193500800974,0
0.0634512109878779,0.681013120463851,-0.933780882705781,-1.28053113750852,-0.0951528200197317,-0.437925641612675,-0.216228967324865,0.500807579163782,0.158834769640816,0.935834472072616,0.319179201564689,-0.424276373272026,0.3197051870393547,0.630464462349975,0.0777666073679715,0
0.295399456674622,-0.0568972023574938,-0.406398993839685,0.623223861748701,-0.262872741122919,0.509072614690168,0.219333964564751,0.31552059335892,0.0413331720638588,0.23340138735185,-0.117161144003302,-0.261272911831938,-0.2963426505353914,-0.0306948990212946,0.0878834970905725,0
-0.635029572506938,0.666875958028246,-0.292140205996285,-0.174344611833149,-0.379098175209659,-0.222279461695561,0.561526741302754,-1.00278620750944,-1.37016550834791,-2.14896072870566,-0.254972038999782,-0.259675242565465,3.434849116951745,-0.0276143102025394,0.693115387481017,0
0.995816634188194,0.189237672030759,0.264371571610337,3.08244799818149,-0.407563114754369,0.844680092886281,0.0439052166842476,-0.139960418449913,-0.29483272476414,1.49150485678254,0.550593823070402,-1.27295491272443,0.4434710054234459,-0.0135975300606911,-2.07800399338335,0
-1.93998381442514,-0.946419928154515,0.816764978537816,-0.221644652619726,-1.48070564092609,0.467066304389333,-1.01794842949814,0.102765689227409,0.305107075388785,0.292014404166136,-0.348861154206411,0.183657437439186,0.1396189681546377,-0.161231640371138,1.39188458567141,0
-0.71732274465617,-0.246114828727906,0.343538244338326,-0.730285614233765,0.749172942351747,-0.723125501598295,1.35644712277983,0.534363761204552,-1.8184703407061,1.65792569555354,0.151419291835257,3.61153290151784,-0.2935613961896814,0.327218601284024,-0.0327890291382294,0
-1.07678764773273,-0.290331355019222,-0.15120676720325,-0.606941211034209,-0.73472612819897,1.61783809127331,1.05000814893846,0.014274310765468,-1.85280304836053,0.331587071151496,0.843817374522148,2.21949256725039,-0.1437908496732026,0.0026872075608023,1.76905116438632,0
0.961046027681357,0.449822021541495,-0.434718650189745,1.22840424828092,0.200333829004198,-1.77648599133945,0.242340472023799,-0.378141971387682,0.489717913339728,-0.0126860478765513,0.198026806841997,0.082226385146182,0.2268112918926435,-0.0326039066763376,0.149353426473291,0
-0.302325090949643,-0.134690662403866,0.632129605688797,1.22759457733651,-0.819364543770756,1.68774563328947,0.161023990161283,-1.0100737079829,-0.367746559577992,0.706040566454597,2.04401091043221,-0.415227712250059,-0.1429564733694896,0.0148355516194826,0.695112232280667,0
0.204752548239907,-0.101014914274412,1.18777216002512,-0.628840070910376,-1.29881177712684,-2.87300188601668,0.603823536668096,0.827427512821443,-0.868517152444142,3.21685095685852,-0.452568210760557,-0.3143853786289,-0.1670143234598803,0.232855822988597,0.298902654600853,0
-1.62625053302117,3.31582344300788,0.23044548888873,-1.665327329464,0.675734538694722,-2.782476732785,1.51888861504471,0.559883085804093,-1.46334348841543,4.61962540185116,-0.114427116436399,6.16229132455529,0.3197051870393547,1.71898144167402,2.29617228097201,0
-1.06444015256294,-0.659179751865576,1.22436094125838,1.12279851610311,-0.323561549180519,0.488899343456874,-1.49481709884389,0.30711143254696,0.898407680197272,1.34218461186089,0.19749784322143,0.0610728872133092,0.2544847726324571,-0.0655515806282362,-0.305799230186165,0
-0.466575921838797,-0.0642842618444655,-0.802623862539027,0.16439771738824,-1.08801821860886,-0.505372676895874,1.06295402625841,0.511396933556266,-0.419506117757946,-0.294175529798448,0.103611302920123,-0.23230099392735,-0.0695313586427478,-0.0232778776808349,0.889577118585759,0
0.250706245390442,0.0157874869725683,-0.216623974316661,1.25497319261753,1.08415387351508,0.784402415172479,1.0160105718354,-0.130522054568829,-0.161727367392563,0.105478395503115,0.265562888002784,-0.195691769822899,-0.2002503128911138,0.0318207841374489,0.280587177786506,0
-3.61680971628661,-0.754306400721832,2.92249382786611,1.56835457942036,0.789728974463101,-2.08313315076708,-0.313201269242962,0.809381122632324,0.434797972627929,2.29617824944046,-0.47841741320365,1.35666722114578,-0.2685301070782923,0.432873777231295,-0.0820404169785491,0
-1.24184982999447,0.311568135370157,0.406140286967816,-0.586482893303896,1.36399994023388,0.526155991206011,-0.218812461559158,2.17351681532247,-1.00827669924002,-0.954271665893699,0.48954040024191,0.338523549655097,1.5988040606313445,0.0280800415274098,-0.604315176096825,0
0.318200218104669,0.61395343271394,0.423514170081931,-0.20579639419043,-1.08019219994516,0.400581419886972,-0.179788941405194,-1.66527697751646,-0.374111100104064,0.27762350334459,1.09206672836998,-0.246111544488589,0.1533861771659018,0.103319254812432,-1.61834680616279,0
0.991773216016358,-0.998844050501635,0.0190018242486631,1.82790109875439,-1.3298270662982,-0.168055641318325,-0.289001864501485,1.4251276533217,-1.24004586780714,-2.55560703060359,-1.80686689745736,-1.48435843354806,0.2885551383674036,0.909529315615755,-0.604785016587952,0
-0.258447331229937,-0.261999580401242,-0.129376639135013,0.212599373180838,0.154759947018345,-2.16313695687142,-0.465771284287297,0.776707953269015,0.0637259473799124,-0.0468326402133002,0.246066447379909,0.173257759371909,0.0196078431372549,-0.0221306208257715,0.65024922734985,0
0.874191962143159,0.161219295666546,-0.51153879929341,0.250056931473439,0.391785703684402,-2.15989337120819,0.780661640250653,-0.545252213840334,0.679111887130166,-0.0347019512918347,0.621086372406786,0.166987652029328,0.1378111528299263,-0.0638299613404058,0.174077385977962,0
-0.182481879287512,-1.23110141699323,-0.436509249472317,-1.70583067680722,-1.37697419781615,1.3608506754177,-0.382884516594185,0.0697624720899184,0.163894723638795,0.111936624310367,0.122222544321037,0.290735552474144,-0.1479627311917674,0.113260145471529,1.02222018803461,0
0.723823996555407,0.355362481317308,-0.536380659596176,1.27099631651355,-1.03823523557065,-1.19554622178024,-0.49133364610227,0.0212801715833339,0.170310345623554,0.0331593862938891,-0.678774166332119,0.265255454941981,-0.0991517174245584,-0.0009881008435645,0.47055190530159,0
0.844897238967395,0.164697018433082,-0.43091303686954,0.676618958572918,0.592136263331013,0.806659529051111,-0.284699758443913,0.0707550743231781,0.661725392192438,1.21779669222041,0.856230472505996,0.181838459325564,0.4768460575719648,-0.368495381720807,-0.576961032125234,0
1.02806706354685,1.39174908402523,0.614303974635814,4.32230282042595,0.0344709672592151,0.776080239563543,0.169363544114987,0.431355984303129,-0.544939837944511,2.29529837373035,1.79529071689683,-0.391262249489951,0.8199137811152828,0.31925782116415,-2.07614825654084,0
-0.0372326798450454,-0.721615972702225,-0.200650986113841,-1.06289945773745,-0.914515507885582,1.10140346637212,-0.255110680473042,-0.193030676015015,0.229934363897819,0.202655018299461,1.11110489291656,0.294971033859046,0.3198442497566402,0.0500939022007825,0.712685938903615,0
-0.673465502806751,-1.35941234198336,0.754883972425506,-1.30974175394665,1.29797394331013,0.0788915252080315,0.58726099119604,-0.175416894780968,0.73105093278982,0.660328667461514,-1.33084357235424,-0.159363036307026,-0.243498817966903,0.0802128587487592,-0.635214130242375,0
0.669703463473964,0.856381699827864,-0.302826604175432,2.44369168605395,0.338003038268539,-0.368132157173193,0.178968796649997,-0.244668074954657,1.43858012192632,1.31160861434817,-2.09521315264233,0.302187846022946,0.1835627868168544,0.0308772048886137,-2.32549400553176,0
-0.0477042451187596,0.736298917479387,0.760111864627864,3.29285235300135,-0.407845211563861,1.94119240520787,0.143669037704827,-0.544197783799429,-0.950910888743122,0.937172263850164,0.16665966447594,1.65728084503938,-0.0960923376442775,0.277578117046286,-0.413566899534159,0
-2.37055545317152,-1.75552690031177,2.51000346561949,0.485533173743636,-0.628468900230548,-1.07343091345826,-0.3464924644014,-0.0112855534532922,0.54399359457285,1.35727537982145,0.7170195193099,0.146537971018494,-0.1347517730496453,0.0509244798782539,-0.454359109082531,0
-0.0308012309863723,-0.318560760554698,0.143518514607822,0.688721933730814,0.944194792030483,2.82285661581335,0.287540715510163,-0.156361079080313,-0.466228369450518,0.180593456349989,1.41080172247542,0.0430843818307725,-0.278264497288277,0.0554521093580768,-0.0152538273919714,0
-0.273181941637687,0.721686688376445,-0.052042668740731,-0.952234399777368,-1.65243297804171,-1.45633923617373,-0.795883113427055,1.13041845256799,-0.475590458271591,-1.14603485267853,0.920606869148026,0.188107678061476,1.2206925323320816,-0.0331079047641989,-0.126079599065043,0
-0.871574696875864,-0.719273921657274,-1.11480721919951,-0.755601284846128,-1.01627709093853,1.52324813630152,0.23028513618138,0.19779799683583,2.11489665673028,0.518165919501172,0.595434600018156,-0.275200858800626,3.580308719232373,-0.272824269396491,0.0625777763786969,0
-0.568821235658615,0.474441496086289,0.460930425649946,-0.328788336356241,0.0619994540580587,1.18174006022202,0.789075254243545,-1.73455146971012,-0.940012183615855,-0.781541353019939,-1.37308786984053,-0.166870274032474,0.2099847031010986,0.0003298013765082,-0.42202900931156,0
0.746988550020754,-0.497042943139737,-0.66332503481697,-0.575655758870685,-2.069490573279,-0.914659977262357,-0.416089738125677,-0.0022160198576882,0.69324218387792,1.15036649632921,0.4262585762917,0.341778279091986,-0.1983034348491169,0.379864923491982,-0.0632822036168372,0
-0.518911382322572,-0.185049360062573,0.091869931021025,0.195110692279388,0.561752002809957,-1.9012944334276,0.252769208213916,0.69142575344031,0.0177283369597544,0.03880076809591,0.530641844909215,-0.35421824722931,-0.2879988874982617,-0.0722545573875499,0.387877872894135,0
-0.397458292626052,-0.166805153055343,-0.618109586151631,1.14470392684321,-0.981142888593441,1.04056017013299,0.603574288387655,0.369337172035298,-0.480081728060592,0.0678458879936522,-0.164955477631965,-0.0483733193759251,-0.2154081490752329,0.0719741046904066,0.669419580171802,0
0.566729765130616,0.0101784181364132,-0.417980818698567,1.11899203651514,-0.515725038137758,0.513900419421823,-0.334629435484178,0.285731976302917,0.0419334773610239,0.253286878578568,-0.281368273763803,-0.23974040614945,-0.1670143234598803,0.0159107350594527,0.217161181121574,0
-0.508418227451793,-0.547341039533318,-0.622632682723697,0.719541322054712,-1.11732787943692,1.21119762362216,0.699769596818169,0.196976722228219,0.363007284099061,-1.40879078001667,-0.212575815220689,-0.558821206069534,0.111111111111111,0.168896034204507,0.181749877428957,0
0.32485747571447,2.38038623620284,-0.205666580296062,4.00006898502703,-1.53131904644161,-0.523755035069564,-0.776913090585897,-0.419606972700846,1.392280396862,2.06149683253478,1.57782435765213,0.20813818382794,-0.0166875260742594,-0.709138524135595,-2.27652509507341,0
1.18587543888601,-0.609459521359164,0.899003389480568,1.57893720281673,0.616815497439985,1.52500478439773,-1.99812651576229,-0.323630830182006,-0.740159033994219,0.008049314347863,-0.894836219782724,-0.16527894037226,-0.1252955082742316,0.0599225134193235,2.1973969702109,0
1.82599298572493,-2.63486561034371,-0.0447740065372378,0.22064787676428,-0.672623136148956,-3.00706999731161,-3.14425769026634,0.172851447992395,7.41863065621427,-4.11565268800608,-0.397267882317301,0.741579440514203,25.505353914615487,-0.476408111606873,0.716039002458917,0
0.227885958981582,1.48217389838381,-0.729405023696591,3.85188344712363,-1.36144530056221,-0.618232487942019,-0.425714440314346,0.717794457116241,0.16275115111849,0.496866745812988,-1.64470031590943,0.286731030829285,-0.1582533722708941,-0.0361868244353835,-0.799661447652217,0
0.460591716678559,1.45345528684656,0.432918993143728,7.40494406837597,-1.34420230633534,-1.38645434261269,-0.981869041242337,1.16114411934805,0.346171663195902,-8.99558579115041,2.13224687532853,-1.02111102842585,0.0938673341677096,3.343365755345,-0.845992799209553,0
0.854530065707668,0.498064092986705,0.496478460466925,-1.17667264326796,0.072141835833465,-4.97178147484906,-0.602543029767358,0.11141803242574,1.16674338576116,-3.87204999289945,0.30864203705393,1.07473026294766,13.600333750521482,-0.262651693322894,-1.33257149981092,0
-0.18885130230247,0.735048392073043,-0.0204729238907364,-0.85897109655106,1.26342589632468,0.829653115339722,-0.106833808443645,1.492539511339,-1.21333126131036,-0.824774245853075,0.275401369452703,0.444080682054128,0.0415797524683632,0.0455872111223066,-0.600934316075571,0
0.210379353183192,-1.01935811668867,-0.600908376137261,-0.688907142308678,-2.27734538756591,1.32720213782942,-1.1372556351922,0.917525120459001,-0.409405136995838,0.579378038186027,-0.0576336840391119,0.0535839775480679,-0.2365456821026282,0.0031237823785508,0.677389771815096,0
0.124656757765673,1.52608249039995,0.271267171225828,-2.28021290709241,0.615564021976907,0.0287700798555496,-0.936777122304345,-0.603497939867023,-0.27378723959337,-0.528414955072736,0.203134397497985,0.235195563330317,-0.3057989153108051,0.0135189063962794,-2.34802707711118,0
-0.273576961234714,-0.271961912543022,-0.291285971075701,0.50189363646994,-0.870496608429436,-0.0490356152728622,-0.211744196720975,0.737640395710734,0.0484028306459202,0.308331869234123,0.119504306388828,-0.34620169644982,-0.2784035600055624,-0.0262153292875399,0.138795773064825,0
0.19820249337056,-0.138990011935536,-0.379654707815042,1.22311255913375,-2.0481635257614,0.81140708090622,-1.38135019994234,0.469483171549259,-0.704634003405604,-0.450339257219067,0.106220693689556,-0.117440765449124,0.6122931442080377,0.0412149884810921,1.39528385684887,0
0.79683423432285,0.105914500943093,-0.22921979859137,0.518929805165827,1.6120891984837,0.557595165780888,0.354463705823705,0.222774635713017,-0.223428692340739,0.0394816685456661,-0.253877886207892,-0.183091796431424,-0.2784035600055624,-0.0266816389534453,0.0113353515401052,0
0.635725848944766,-0.756818525052203,0.188437782735031,0.862714724095424,-1.37170826044248,0.26467963036019,1.07543347427854,0.27758733609975,-1.14964927464095,2.13979633024363,0.622522866315851,1.56714653182586,-0.0278125434570991,-0.332998821432216,-0.597753731988018,0
0.264014126781424,-1.0222802511057,0.0865956134932811,-0.629277715316845,-0.483679530623485,1.00612649799407,-0.202052098817225,-0.444924057438167,-0.699653056194532,-0.482972627114514,0.446437689074686,-0.0136211909551817,-0.292031706299541,0.0811589702608895,2.0982197421251,0
-0.840543581381417,-0.672787259229256,0.0391993271501326,-0.745177908084876,0.738670653192305,-0.535160051006264,0.485290934373975,0.573528237820493,0.840860000932982,0.949853367593469,0.125106624817809,-0.30586434696016,-0.2560144625225976,0.220586173617676,-0.2864394886086,0
0.49150922939204,-0.109330622123087,-0.687448089419384,-0.808008933583532,0.271025933948307,0.0754161259428821,0.0790984066445104,0.206228068903987,0.822406752116006,0.774136596604257,0.294286179186609,-0.225786405110679,-0.1809205951884299,0.105210097110608,-0.0321033580805433,0
0.535739354682251,0.156839782516295,0.255099917713094,1.89486576816646,0.0316103722424561,1.5041577904371,-0.20017036635166,-0.494001428044412,0.949322717761337,1.05809575573284,-1.51734524785437,0.178048290955317,-0.0842720066750104,0.0564527503241029,-1.74234727273354,0
0.608808531889315,-0.0653943458803409,-0.0073518258774743,0.556868573368284,-0.365388834333865,0.236960332803014,-0.54658603709957,-0.0185604668384626,-0.0626944474018371,-0.124003535547818,-0.579481101228266,0.0762945637280606,0.389097482964817,-0.0458091506549174,0.318190203649331,0
0.890465000413754,1.76181658439871,-0.164171791345262,4.2369149910416,0.672725548785863,-0.408783355851266,0.276881708100253,-0.236247882382537,0.932120588107331,1.93422194325501,1.42262506353582,-1.14852764202363,2.352384925601446,-0.181866863829,-2.94182680263429,0
-0.0352400467382885,-0.79980713602313,-0.780470780647598,-0.488626060727631,-0.807286380854941,1.56939314582813,0.256812203118567,0.343259601435663,0.851800391220419,0.705487317437279,-0.445959069054487,0.0636553112182165,-0.1214017521902377,-0.0325862349356193,-0.777808797226857,0
0.152557364361836,0.526088345100987,0.0709179124513433,-1.37637197065488,0.632298010375298,0.744669657315694,0.0556291038778816,-2.22232274060561,1.0325891627925,0.226921423088963,0.22610420307278,-0.3928685485289,0.2347378667779168,-0.302165894764831,-1.87829239125943,0
1.65334045984221,-0.491847125415923,-0.0188973453878399,-0.10004512595663,1.39513154644514,1.41080886924923,-2.36490461309811,0.555673941495665,-0.245990317813521,0.212967697592384,0.976078045990397,0.110880221616283,-0.0980392156862745,0.0850880464357815,1.02393167330668,0
-0.31738699144337,0.291183341288389,-1.57429755724836,0.962776177831044,-0.510330736447199,-0.0605973558244852,0.685524160521458,1.27209245460697,-1.15863277314045,-0.464878068728155,-0.127388225371282,0.227468974664998,-0.111389236545682,0.0941553821748839,1.21965619105613,0
0.924610779608624,-0.0715561011148179,-0.0889548190918545,0.700205205381994,0.0752632563555709,-0.678187192444816,0.675954209670542,-0.744249938515303,0.898483138033051,1.37061913057378,1.21824276184366,0.187988913747491,-0.0570157140870532,0.305975004502831,-1.10051057514232,0
0.0059072770124562,-0.133858505895965,-0.698624560859612,0.391313344030043,-1.88982651062076,-0.60613683954355,-0.445554873900186,0.342582153155912,-0.675628990758759,-0.602947670204498,0.021206789124805,0.200031999365883,0.1682658879154498,0.0279286023200569,1.71797209552142,0
0.394380415758838,-0.0321756360747781,0.241034971608002,1.21964719031253,0.506833953655501,1.39811484954494,0.949598320402089,-0.521319210332145,-0.551005698396897,0.705635828898778,-0.326511551542897,0.64089036744288,-0.1670143234598803,0.274527786395042,-0.370323732309091,0
-0.152203541613365,-0.211659664532547,0.0234240786674688,1.25267522303641,-2.37812514193425,0.302459687994019,-0.650606020179129,-0.334993020542292,-0.505150412702545,-0.230241097471607,0.278414948399088,-0.187925738111198,-0.0152968989014045,0.058435865847932,1.20935169993721,0
0.507369349746513,-1.18614504158933,1.25229754146729,-0.281334816338225,-0.550169883456547,0.854295141188869,0.89936312649968,-1.39169757675648,-0.283596037868296,1.25017055153989,-0.0235558208685598,-0.277137521843658,0.0556250869141983,0.278967682367829,0.112292783309296,0
0.195029536241852,0.940250475333811,-0.259576802312614,-0.395635283428566,-0.891435714890451,-1.34965721825265,0.0709970621766113,-1.463821449146,-0.106434949052941,-0.738638333849812,-0.991639351534969,-0.113513818631036,0.6321791127798635,-0.0730191651769727,-0.707737168224917,0
-0.646240923322412,0.473522005473131,0.361462686728174,-0.63855615859857,-1.19767445098926,-0.0071285031739622,-0.132570747563671,0.671543648054848,-0.377139011168217,-0.534910066384916,1.23981132333077,0.0199919531822268,0.0980392156862745,0.0075115232133443,-0.603430790838263,0
2.21467277242031,1.16680509669726,1.30293461835767,-0.263438231978821,0.0317699009704347,-1.87700444264557,-0.930958347129252,-0.492728939582284,-4.33453754486651,5.14640414195253,-1.05826022412725,15.2487619092988,0.8065637602558753,0.554488117963838,1.84151101410689,0
2.02748878421801,-0.111536972908599,0.260474179011697,0.531564820349085,1.88972974144176,-0.874636886577652,-1.65684825060274,0.0619430887041146,-0.0483379015788813,-0.0276665288919688,0.201203829391344,-0.388606899851743,-0.2811848143512723,-0.104944367238274,1.64809515939261,0
0.483438867170885,-0.696445461974875,-1.16471138211793,-1.5340656126507,-0.0554439266710254,0.644431961355717,0.136023173265899,1.33831864337685,-0.0012055210727409,0.790364203485281,-0.0334035270460257,-0.091447912318496,-0.2044221944096787,0.0411910342639985,-0.15133973873171,0
-0.0310892982815697,0.535837128295189,0.0103436751510783,2.83475282790965,-0.839291912073635,0.999876468893372,-0.0809765866066423,0.0319877157746111,-0.0888085088115253,0.343285018814307,-0.736944407385182,-0.0628391233333598,-0.1693783896537338,0.0036189081348187,-0.115845700412579,0
1.24701261168952,0.0737286807971917,0.179821035331923,0.971888468881552,-1.21509458088514,-1.41520207135313,0.369783518242588,-0.0598926377961054,0.360130113729846,1.88560990761428,0.452318966722157,0.123950309481516,1.0845501321095812,0.422057405399244,-0.652196457502577,0
1.55312380179408,-0.0878840550451482,-0.465755299096572,-1.36487681503068,-0.0601880617603286,-1.79436584481068,-0.301028457196277,-0.15522842517607,0.895772824219576,1.52725912782321,0.246702001444461,0.265172809114476,-0.2523988318731747,-0.0576951609890788,-0.306354920477326,0
-0.0206177568127872,-1.29651028243989,-0.250523132382498,-0.361291889923088,-0.854431466917493,1.77922060745143,0.7866301959028,0.019795323871692,0.287061058700865,1.13203317880889,0.423318716697852,-0.114028818736573,-0.0279516061743846,-0.0460048799986763,-0.271367351381368,0
1.91718604797999,-0.524967771613691,-0.044851766776773,2.37529796926222,0.20886972467867,-6.90845314316908,-0.103713392374025,-1.41005376928764,5.37491310536715,-12.5418756802282,-1.42422462654313,2.19561567202958,52.396050618829086,-0.852341923117737,-1.68786997581897,0
-0.0769098183231945,0.277317116654598,-1.14281239402426,1.10025944192562,0.387390878094698,-0.116055995880309,0.919008174551261,0.871662315653096,-0.894562818796383,-0.476209616975543,-0.335155549784093,0.135225328442435,0.4408288137950215,0.0660587381167893,0.956509632842967,0
0.445275320414145,0.0363191821537957,-0.211645537192841,1.46995381219021,0.792223617290591,0.248623482719755,0.674944390581409,-0.170601283223263,0.204809780533753,-0.389576048901283,0.233841023239635,0.0130084782625583,2.1276595744680846,-0.0176125044193069,0.147620077880888,0
-0.791423605771572,-0.375168240160033,0.4996605321794,0.434977455289287,-0.580540336879805,-1.70452753312177,0.0268035291702719,0.319648593215202,0.181483945655639,0.112872146022207,0.0393997676400495,-0.35987249442068,-0.1565846196634682,-0.0659601018332466,0.527986726153875,0
0.145107892474214,-0.320945045076564,0.617395713250652,0.632936440218303,-0.483837375632956,0.60205101637287,-0.0966445869337422,-0.70674973674941,-0.279484520806406,-0.33059130105668,-0.162576018936308,-0.0437330154899696,0.2829926296759838,-0.0328731908068826,0.90939687754921,0
0.649716616648185,-0.257872850162351,0.317096294054258,1.0049581804781,-1.09735757481877,-0.331366785236652,0.478108815497295,-1.12813371836121,1.17307837936557,1.58264621381955,0.740928174667756,0.171867034697464,-0.0018078153247114,0.315902519635632,-0.954225152420464,0
1.38562745940323,-0.177803660458635,0.938640295493356,-0.176893848568078,-1.83139072004322,-2.72070577923644,1.459907775677,1.42817139201643,-2.13160880454383,4.30785106414498,-0.0356720264060895,-0.18468820968995,-0.1115282992629675,-0.0057380924319515,-0.479748030095916,0
0.156589738549241,-0.326137241145112,-0.915164537995375,-0.451291970578649,0.387635647055296,0.707026340878899,0.883517173446608,0.332703732564331,0.632821880125623,0.802948208890463,0.463422592794763,-0.0473321422952797,-0.1973299958281184,0.153265617441658,-0.806150210926547,0
0.231326908822245,0.1717840250879,-0.589966626907866,0.489534430333306,-0.555794411529266,-1.07107589180423,0.599123956003035,0.0938350774026812,0.164579530672876,0.0179905405851439,-0.329512407342219,0.150171134291261,-0.2643582255597274,-0.0535923305102822,0.332764870641418,0
0.0957872586632504,-0.213595657227243,0.234929353726608,1.76645808318664,-0.545884823006631,1.838765278191,0.379950005394678,0.113891234018925,0.358471968552728,1.44386362337134,-1.55354221815084,-0.129513195935573,0.3785287164511194,-0.737292546763611,-0.994068890043341,0
0.188387498362479,0.658871569018348,0.391082905936283,-0.43997856075067,1.45585216432332,0.0120150875340327,1.09443685207168,-1.95732784537352,-0.153236909528812,-0.996003222456892,-0.663315824641065,-0.254600014893432,1.988457794465304,-0.0822214823295065,-1.17407457420141,0
-1.22437134641013,-0.622529944349028,-0.300975248639663,0.959792597254141,-2.27572503853042,0.724720896799125,0.853462400668676,0.0994123315466085,-0.536570178812808,-1.44333524573434,0.723310696503051,0.0386866073501587,4.333194270616048,-0.0162452759757691,1.51321794738856,0
0.245385863849269,-0.141765142925941,-0.192107687054023,0.220229251067397,0.03666066784636,0.390849730624207,0.325613572070239,0.134712550371443,0.0856962729695096,-0.0724984095644677,-0.186405939468386,0.0689576960554885,0.4192740926157696,-0.0925046530188502,0.131749514915725,0
-0.552373233501265,1.3704584957483,0.246566103806436,-1.25621363389616,-0.115632837622709,0.6884461910073,-0.819796117537399,0.0295804093333461,-1.51964275492149,-2.01845494977419,0.468930308950909,-0.147587373032473,2.4057850090390764,0.0326214612817871,-1.08824840729215,0
0.357154567782868,-0.980371928917778,0.181866036568908,0.610017984822279,-2.02443707224882,0.884856660363367,-0.511391216001949,-0.286217061356544,-0.0287370433376153,0.388395462420792,0.128381942805112,-0.365344024457492,-0.0481157001807815,0.0806089989936145,0.401839908176098,0
1.77406850492713,-1.07700246322299,-0.252545993671024,-1.94275864212069,0.570061568254373,0.0559735929903923,-2.59638593919576,1.06772294795789,-0.502562595078433,0.925160398991203,-0.382552919900771,-0.295733968097535,-0.1379502155472117,-0.0273252749992073,0.98188557483678,0
-1.07503120543062,-0.610550424979896,0.797826312894644,0.0337816456038616,-0.49484840203961,0.359564110004125,-0.447227107227533,-0.290988359110053,1.15042627855608,0.787339779797896,1.05808150674893,-0.341039852305416,0.3892365456821026,-0.163091950405295,-0.365440617215641,0
0.503953929205325,-0.353688701091747,-0.317665010384454,-0.573737183368458,-1.31978063626234,0.223147219050115,-0.935726668189867,0.0178351508752041,0.874879458358962,0.694968432937459,-0.0479362487331059,-0.284163017060704,-0.2204144068975107,0.232474940135405,0.260076364007412,0
-0.54862309510498,-0.307581863592739,0.249489425294986,-0.655767164257239,0.86152863902094,-0.473143024398804,-0.268231288257976,0.54914998250895,0.746516224276268,1.00216067189044,-0.0070107830512795,-0.330113845214615,-0.2065081351689611,0.312184101882698,0.130400163265342,0
-0.0676478789083565,-0.224101870230961,0.0248638783731829,0.76784953253011,-0.685902512114828,0.646118828150456,0.352988322432224,-0.164406779013895,-0.115672423338723,-0.0459664763878103,0.251663137689787,-0.294952987178041,0.0415797524683632,-0.0284452611450792,0.583447654532013,0
0.763028373306144,0.106750489600496,-1.00065449514957,-3.13898185609735,-0.394981860465351,-1.62924442725155,1.07419458530612,1.01631070074436,0.0283272191387803,2.60563953892384,-0.314518048323965,-0.350659523444641,-0.292031706299541,0.470287400834804,0.473187159705018,0
0.743403211542917,-0.151237572416339,-0.430985014013356,0.0007128179754471,-0.36313551338693,-0.914762085919522,-0.135010343260164,0.0669503843860722,-0.141046143105106,0.975817142225953,1.02936081040009,0.119313408565202,0.2711722987067166,-0.165709638768564,-0.823524109800937,0
-1.35836210414532,-0.594233681032627,0.587196264160918,0.765472499738311,0.489838266175561,-0.218581885995772,0.436116350036497,0.567388645830498,-0.224247370959748,0.166505112451768,0.6017447458639,-0.191158717256653,-0.1757752746488666,-0.0050879664571264,0.43608402778457,0
-0.765714761584702,-0.221473380746281,0.0210028445159912,0.183059904203185,0.773241186312033,-1.87550942383809,0.91232374187578,0.633253272262524,0.10186585362805,0.128643410183662,0.522268924455889,-0.339959636794721,-0.2879988874982617,-0.0641474550687306,0.200101917609747,0
0.127258406559501,0.25786055999785,-1.47746042466104,2.16542242270865,-0.609777354399257,1.54331164617224,-0.147530587486925,1.96988601358501,0.14370204456962,-0.135345677869838,-1.71820585709003,-0.590150689035313,-0.2636629119732999,-0.083817852587466,-1.47354425077975,0
0.215939533229202,-0.628371721038911,-0.337423716472387,0.304623361140279,0.534569008475675,1.39509733974228,0.64344160077557,-0.260109556874136,0.5478301184651,0.0391128382244271,-0.51479653135618,0.108875420738922,0.6702822973160895,0.0748643025493046,-0.41657267063618,0
0.81942683219776,-0.0554325281298101,-0.66856221007419,0.191909386060231,-0.195196021955935,-0.660276633630418,-0.342469384871998,-0.213334570745877,1.10765958377253,0.631078709640344,0.126309836842694,0.109014399605865,-0.1948268669169795,-0.103910219935576,-0.370237019581108,0
1.49565900262699,-1.47653068660631,1.03036155126034,-0.478253611099284,0.885314383167611,1.13232685776926,-1.998695872791,-0.820210708405098,-0.776132860702288,-0.368349552742064,-0.126442789646231,-0.116437822020372,-0.1411486580447782,0.0765384036085382,3.20033415197743,0
0.0744500547386839,0.0440001964101087,-0.34265608761729,0.4079913068747,-0.560664490661123,-1.03884773307114,0.979468251405491,-0.155365494320654,0.25232488558759,0.0262741413560445,0.136225708011739,-0.277599973794466,-0.2935613961896814,-0.0639380514763603,0.387873931111568,0
0.904053344195092,-0.781925525065389,-0.0638372807782435,-0.540859301941742,1.00927197965158,1.22310423336107,0.35190172367551,-0.437163597292619,-1.44447359578457,-2.48544020647002,-0.633468723058424,-0.0699015923403545,0.0532610207203448,-0.0541356435070229,-0.250356913729144,0
0.567171904429235,0.0190542092810508,-0.69002524585673,0.0900062920779799,-1.40562702960955,-1.78493890901848,-0.306372103224254,-0.0107137217744763,0.12873913227149,-0.0866689198139185,-0.0215544843847318,0.192019222612043,-0.2642191628424419,-0.0268889865971242,0.730243183254688,0
0.334238928893814,0.978870104191748,-0.400337086995713,-0.660639536997733,-1.02014900319833,-1.41885147034294,0.052095545213851,-0.342558095323384,1.04205220440403,1.67943041502349,-0.0988097950743659,0.15220675172438,1.0845501321095812,0.973760311314828,0.777109192023254,0
0.436507918584757,3.62073929009464,1.17125285194224,0.227302098549909,-1.09947616588724,-2.44869735226202,0.611544799290733,-0.700743245692815,-1.56579040374146,5.36793836452304,-0.307482703370799,0.76527448021074,-0.1240439438186622,-5.75953156190018,2.23201106262184,0
-0.843841098796297,-1.04156716798929,0.966536743780196,0.049709438555301,-0.503500697248446,-0.242823246479808,0.63114308525865,-0.171959046098308,0.664554727487147,1.44214763100119,0.999106533406816,-0.188695685183318,-0.2067862606035321,-0.123067708299331,-0.860253360854425,0
-0.611697251483034,-0.771896815635902,0.771790209118544,-0.951362732880347,0.968271869968845,-0.748044011476808,0.186439870389716,-0.132442964067757,0.560708160026118,0.77053291770848,-0.776265533639643,-0.259022773938363,-0.2935613961896814,0.262987581037776,-0.151038557008408,0
1.62084271733831,-0.468516883299827,0.126567233784371,0.468244578442542,1.88554096276719,2.26985247164494,-2.59630355098586,0.255380044224797,0.46811521163205,0.306266129846816,0.780966281360952,-0.0397143104714801,0.9424280350438046,-0.196580446081473,0.761447031143855,0
-0.481936508519027,1.21196260556796,0.209260654340672,-2.45481742235189,-0.738395410446329,2.10217174977055,-1.95379361984709,-0.144117495213695,-0.0971599377888716,-0.558610531829825,-0.62469241799607,-0.536603718351743,-0.2258378528716451,0.0395298595620628,-1.94569837432156,0
0.0214041643590221,-1.07388844418687,0.0240236790446461,-1.33620806532479,1.74753172957429,0.89788618157152,1.63649938736232,-0.543289820057281,-0.745432394212561,-0.773026660692042,0.578822566864051,0.109114143449356,0.5353914615491586,0.0485110905353226,1.6302418919182,0
0.85013745581521,-1.28956407967086,-0.56001402114914,-2.59634406021693,-1.78962229274422,-0.905211440983485,0.61079936343728,0.756895111764345,0.246615373212289,1.98701971073461,-0.640408472925331,-0.253243456714162,-0.292031706299541,0.0642920809494439,-0.0660639821244301,0
0.313777777071917,-1.85848998881825,-0.756061405657521,-3.0282027814584,-0.565098663309821,0.941168025660142,0.0937454586232479,0.0715117011772739,0.952195925808224,0.415883486545098,-0.810210437990403,-0.0553035251339759,-0.2635238492560144,0.107074380989444,0.903698165460594,0
0.301593471831543,0.0780498901586222,-0.301848319435038,0.403058415865765,-0.821862307712133,-1.09297334215638,0.338164102539319,-0.0802515184359478,0.172505812672534,-0.0610776520819693,0.170499256179724,-0.295351773806548,-0.2879988874982617,-0.0717031401774254,0.568620345008279,0
1.37655164711291,0.138605772072966,0.428638137729432,1.16547064865544,-0.870013019737915,-1.83789951001062,1.14873644822638,-0.074376223077368,-0.0461577517962739,1.91892866977249,0.25202885736087,0.188463413915363,1.0845501321095812,0.384449706219013,-0.75227818513854,0
0.180990324010046,0.0207265915975273,-1.16094761855627,0.0999716853106187,-0.150733299081503,-0.697708634168469,0.633701776185641,0.723157631357919,-0.605267754475543,-0.398389249656593,0.623859450396863,-0.204501358076614,-0.2092893895146711,0.0272043605721488,1.15909399986492,0
-1.02238806645071,-0.847810238211724,0.57539407642616,-0.446216484168631,-0.205509335777926,-0.210587883458866,0.151545826628143,0.132671710016129,0.979242259588128,1.0588232909094,-0.471202587700769,-0.304902142893842,-0.2810457516339869,0.227857383341317,-0.10827301833647,0
-0.685534787815429,2.16833779332242,-0.148204648936844,2.05382224319992,0.614924084666754,1.32203308067716,-0.0528969432710722,-1.62182877086504,-2.72901849030584,-7.87581549630857,2.68317658310896,-1.03623301391245,5.041023501599221,-0.52994046710716,0.276942649088394,0
0.200449267449296,0.935760343750861,-0.442162470898721,0.390089953260439,0.939697772498609,0.687518668386176,0.490151802628047,-1.03443978717459,-0.765696467364361,-0.631090569453572,-1.35309606518181,-0.145718487421307,0.7787512167987761,0.0679068155625662,-1.01277016196335,0
-0.937404040212791,-0.134501389775699,-0.380804674591097,1.75438682261125,-1.47676113586972,0.586006984867721,0.822297775201186,0.148441150885202,-1.0645025579213,-1.0315153973939,-0.548638709202886,0.271796667034769,1.875956056181337,0.0962184823242432,1.91763385330212,0
-1.26378740047319,-0.568591032594727,-0.292601436453748,0.216215475620072,0.457402591421875,-1.48468347585556,1.08740322368657,1.0630105844555,-0.294338178677513,-0.344926540017081,0.448408904692785,-0.24785765476044,1.178973717146433,0.0222835336611248,0.814749299701317,0
-0.650036381282888,-0.71968687478541,0.977783964714588,0.509793832223154,1.71828774114694,0.927533227635546,-0.235961655520438,0.262176799585545,0.814809864960244,1.22611416219327,0.754137424569512,0.0038242341936132,-0.2953692115143929,0.0534182677084563,-1.03305900345863,0
0.327112565847693,1.89090040005192,0.214271805516705,-1.9138196429058,0.555379152797645,-2.32801120005962,-0.282253754340014,-0.790454597271674,-0.302614530289638,-0.989990430039284,0.29339596867696,0.0065397865573438,-0.2085940759282436,-0.0561871453857533,-2.31089113066156,0
-0.458195088713503,-0.199739058944673,0.124716044421754,0.083132706642457,0.0840415623726238,1.3269915772587,-0.0203932336264811,0.270902941044854,0.696366011765065,1.31177044498585,-0.243355580160082,-0.274019474775564,-0.2810457516339869,0.350635690618987,-0.210204865705895,0
-0.489195335521398,1.51491420363072,0.408185608172224,-2.69543214319593,1.33342711955404,2.15327387995805,-1.17605931276587,-0.426785670581791,-0.53252255615844,-0.619572335561426,-1.35880107722808,-0.0202954610962211,0.4171881518564872,-0.189677993193245,-1.83866125825759,0
2.04839139032248,0.3998329485202,0.663797166686689,2.76147944239884,1.99820902542593,2.05422650206092,-2.58313062437783,0.0203109318631875,0.23929529893607,1.34242048894166,0.754446401393543,-0.253913926997744,-0.275483242942567,0.101708369692142,-0.471197293055934,0
0.0293456299666803,-0.425770621476461,-0.429630249832897,-0.585161164126688,-0.846933368507922,0.302198657524712,0.363781057196576,-0.115014047809986,1.05071117457991,0.889239179821693,-0.0908121526376802,-0.253421229328061,-0.2226394103740786,0.248946187795006,-0.109813112495475,0
-0.436447835843139,1.36710785828188,0.432223497165835,-1.30021225195673,-0.288930063992251,0.539406760818141,-0.449661212435271,-0.292310814247543,-0.824284645549955,-1.0812152436375,-0.17659506659685,-0.409676488317639,0.7349464608538449,0.0284374722169447,-1.94557441474882,0
0.0511256237674712,-0.127829109573802,0.7766304693084,0.264832676738767,-0.4443505464024,-1.45598106496442,0.794135229595446,-1.42942216495344,-0.186736769511803,-0.363111792377686,-0.979744406411261,0.210712876631664,-0.1460158531497705,-0.0187073671601841,0.755322889463988,0
0.249936099678699,0.094206154933421,-0.477410850756633,0.222367476952151,-1.72843037409986,-2.03106053784208,0.274717558436815,-0.289721980223433,0.529748111232333,0.0005834550621947,0.585039755276324,-0.0946493856890597,-0.1670143234598803,-0.0956798452871453,0.374228178045662,0
-0.325672538908927,0.825779491285219,-0.0027873881993597,-0.49784083056679,-1.58190634234074,1.07919529481115,-1.08006985288735,-1.47302364447923,-0.547985791558426,-1.56992280547199,-1.20539445789911,-0.499197920958607,-0.1460158531497705,-0.644302691686117,0.102407766541164,0
0.844219352393215,-0.386443786193979,-0.50532476405013,-0.758488806971549,0.0763181228377049,-0.745180000450546,1.00663318675641,0.471878593243111,0.186687152581952,1.37423051610531,0.342730540544535,-0.181942148180987,-0.111389236545682,0.105534056212505,-0.41609279211992,0
-0.760519518767115,0.637395943812408,0.0389188003151181,-2.35026632878194,-0.923226821625099,2.85267723915233,-1.64989358139146,0.379632938392659,-1.0689864010957,-0.849333024382971,-1.14708736890429,0.145896721047292,0.0418578779029342,0.0792678657830702,-1.77782983058969,0
-1.62018968839388,-1.53860729857193,1.29746192752979,0.143467614471691,-1.14546829425224,-0.571258513683152,-0.368601808220348,-0.246349583944102,1.1372660777525,-0.305366818007106,1.28855608181556,-0.0111267764271755,2.956056181337783,0.0772577754162298,-0.0193290631191932,0
0.454620017123532,0.0541565158500923,-0.327571893415064,0.504231491605852,1.90586013670673,0.590593192552403,1.27061505293108,0.14231057825872,-0.103240308306761,0.156250377975621,-0.266308611891473,-0.161767284415826,-0.243498817966903,-0.0158960314669348,-0.249760229590844,0
-1.1622816454751,6.44959910333463,-0.473948366801639,-0.151419082495208,-0.0210694137912108,-1.71567306168839,-0.080964577850804,-1.1393608719655,1.0061681370806,4.59599121984537,-0.121170423747046,-0.661842425376609,-0.2810457516339869,-0.0488292226656955,3.35999965335222,0
0.125557166643482,-0.45111900019455,0.643126062095242,-0.820500592195307,0.518923669108494,-1.5784219364734,1.22706380035287,-1.50858692035169,-0.43352438015542,-0.917071782183458,0.137070102131596,0.346412271690194,0.3198442497566402,-0.0314444328337777,1.43469243982343,0
0.384222779846772,0.285130669296366,-0.100273605412674,-0.668105795915775,-1.05437207321431,-0.825401001699121,0.506858590430036,-0.0222756125264033,0.292327963774761,1.86862165461269,-0.204526002849187,-0.258287743174283,-0.1749408983451536,-0.634709347536477,0.331317441637693,0
-0.0826578560089894,0.0305966424670315,-0.0661607094502479,-1.93234404329693,0.499806431381422,0.767425927505929,0.485311707049726,-1.94251808543263,0.0977970666614438,0.0563010574533621,-1.29916973043687,-0.425958731261022,1.0846891948268669,-0.0336433515740412,-0.679329035743321,0
-0.838399685073495,-1.33960116283389,-0.130862042878523,-1.5681857453435,-1.21035166707624,1.93184366013354,-0.727191559673887,-0.365224316066305,2.1285326207882,-0.414220787564603,0.600861596138829,-0.38034147970896,5.145320539563342,-0.30390213583961,1.43778433319667,0
0.633567554898418,0.952649693503947,0.467542894725939,-1.96948487075172,0.0581585411977325,-3.87738351863035,-0.6427432208441,-0.0173110375363132,-0.128389947628142,-0.756339951383187,0.620366909740467,0.483341761706835,0.0278125434570991,-0.0782394698573159,-1.21761221761822,0
-0.092872210367197,0.749213289005596,0.0070864986389989,-0.85428467896587,1.18118010274054,0.81962561161047,-0.363327238201037,1.51516214290814,-1.24605140668137,-0.859713051109423,0.278657505184552,0.438535666885121,0.0415797524683632,0.0424344491094324,-0.527910333464976,0
-0.869109886663364,0.763437091314491,0.0736181825310695,-2.58359228217893,-1.79961965290597,0.778366038955481,-0.932215455468393,-0.395580950246148,-0.255931216159043,-1.22860132924012,0.167492204221975,-0.290345713664097,-0.1668752607425948,-0.0765405989537387,-2.21024066142171,0
-0.119001911698397,-0.644197522161548,0.550405376949946,0.205275105385101,0.151529828000805,1.00861448684463,0.322672452371464,0.059726683891765,0.181542536178112,0.974614721309015,-0.48604745944139,-0.0379523836226857,-0.2810457516339869,-0.487062658778494,-0.539762082136922,0
0.521625333636128,0.0346696145749799,-0.31769885817491,1.27894939548875,1.15322653872905,0.517964139514062,0.715152485602238,0.0328922798595935,0.0672733892711967,-0.215061049108612,0.109372171322067,-0.083784026426999,1.3835349742733971,-0.0013952807583773,0.134163104189676,0
1.08165783011371,-0.931147978046506,1.73074511609888,0.51335265475604,1.47410811378808,0.295239744436365,1.76097090061537,-1.35207054844334,-1.07681248870286,0.837789165859423,-0.221631592882275,0.19552015251348,-0.0475594493116395,-0.378776382041875,-0.851921485840603,0
-0.296808041403954,-0.336603342610386,0.374953719556473,0.718727057175493,0.495614176015894,0.418291479797675,0.581510982067654,0.0778138329074884,0.0379334323133148,0.329961113432019,-0.68199544637418,-0.234159351649055,-0.2560144625225976,-0.0046126366599891,-0.0375486364570879,0
0.577791040773113,0.187717127875285,-0.616533993743866,0.981565914237307,1.49128801921631,-0.073251242695671,1.39157919703369,-0.0630390819449742,0.510512493062157,0.519209158290435,0.0313583708103075,0.064679815155148,-0.292031706299541,-0.0056459592534459,-0.677051142850909,0
0.284433041740584,0.668310195718139,-0.129171578259154,-0.705189863893333,-0.892281756297508,-0.135971374551777,-0.308419760198259,-1.21841957876996,-0.0881141172316667,-0.394850670845737,-0.285264650863515,-0.828857919035179,0.1389236545682102,-0.0816662018258664,-1.05640426992428,0
0.0631048311371923,0.364818310689195,-0.661597771600829,2.07732059224122,-1.0432785657984,1.18275694552111,0.239517336424933,0.328087418968749,1.10761096836516,1.30057497478002,0.394582049127827,-0.297436929049303,0.1487971074954804,0.10487024815818,-1.84301411314001,0
-0.1739338402386,0.281060675896377,-0.634149144649196,-0.268277095004917,-0.675379708798188,1.16045686827196,0.19021870856509,0.26852498933355,0.736843148534293,1.4392082315988,0.136449878142354,-0.313819601424102,-0.2383534974273397,0.48339426871458,-0.0921785584785566,0
-0.322755598376947,0.167758422980316,-1.11284511304943,-0.664262817267804,-0.867875921532954,1.5956127814006,-0.579922023901312,0.50594145722737,0.875055887753129,0.440426273961192,-0.58914557579314,-0.349310387411436,-0.2686691697955777,-0.26363590227829,0.28195079741015,0
0.136776129373001,-0.788094542821684,-0.625079301671993,-1.5862714105834,0.744920005468959,-0.0863854839218477,0.560001059487459,0.245176513545743,-1.42589803282228,-1.13643105685537,0.583702282255015,0.279918753161714,-0.1670143234598803,0.0535771546916544,2.65870506104011,0
-0.571122329741066,-0.195047640517074,0.142262777502033,0.236928193680994,0.785274712165791,-1.81629528201434,0.485353546722768,0.621420629822232,0.0443923412474472,0.0648341309608802,0.457074441088012,-0.337702011922124,-0.2784035600055624,-0.0700450251693645,0.326389353631243,0
-0.327291818895531,1.72309535594312,0.08820926113861,-1.6191236868259,0.359195101043384,-0.693495280920714,-0.277531608365269,-0.142960371375647,-1.34288268198553,-1.51891544155035,0.185848192419215,-0.106421352397271,0.1112501738283966,0.0185566124398826,-1.24367313629281,0
0.399487039070583,1.58613191452435,-1.16717925690696,3.47926036996924,0.146282429340961,-0.905249225303618,0.456569339408196,1.12458919177238,0.176353327411284,0.541718926792891,-0.864516251737659,-0.248220799173093,-0.0653594771241829,-0.0473130806800955,-1.24526702171272,0
0.0004842581542224,-1.19794800830463,-1.37689672736331,-0.602762174894745,-1.39230272558633,0.890152279986763,0.71493192706372,1.25706671273988,0.791118782029439,1.31869830053118,-1.77271353435025,0.783117658360109,1.335002085940759,0.0894082001362978,-0.57933462672058,0
-0.464711413421649,-0.298910430993942,0.141812932942295,1.39855396421174,1.0632239769358,2.78480852459974,0.987809618420702,-0.387102228165613,-0.350213179943315,0.223633557199262,0.515119150520383,0.434369067676199,0.844666944792101,0.237890880514878,0.184840083632557,0
-0.384563351092033,-1.11582335876278,0.712334787040042,-0.46687908463297,-1.20881348098704,-1.93415870210092,-0.359036263673036,0.0089852300707402,1.16531241544739,1.27281173569643,-0.190018832837223,0.177878565185775,-0.1173689333889584,-0.0917895745490356,-0.578390807455653,0
-0.371539685943302,-1.08472738006424,0.682132933598783,-0.873252326422078,-0.796658229144483,0.749680324442778,-1.79954289725782,0.413752470105358,0.724964163793429,0.710994662992385,-0.737443992115013,-0.419582445564357,-0.2879988874982617,0.104424913400251,0.111759099250305,0
-1.39985813737692,-0.588066834490181,1.63832412502961,1.78484888816876,0.501257463649653,0.674442743122166,0.172520577784215,-0.255661625080664,0.575960202432798,1.63726583518657,1.03714033764161,0.08704298518794,-0.292031706299541,-0.188633281340772,-0.983726465611982,0
-0.0226609683634372,-0.240163017673633,0.284367876781129,0.0726446737274564,1.42592950061683,0.614137529111425,1.39956435427797,-0.52960550573772,-0.366582741965676,-0.240443123238698,0.313410770628401,-0.0220509616756123,-0.2503128911138923,-0.0525758243555791,0.481940306745985,0
0.724791044490438,-0.390336730883327,-0.0180265147705405,1.03217522115551,-0.729665751497567,0.640912989000737,-0.192558673615743,-0.115594299264806,0.47292835213731,1.07931282095759,0.337110863261194,0.193036018539982,0.4180225281602002,-0.0617480968541595,-0.64149734471816,0
1.14019242397769,0.476764960988977,-0.0182088218723429,3.44787220900225,0.0817461372679467,1.89691968101744,-2.45235249643624,0.89985355525912,0.324539128712213,1.34300590189136,-1.75320074378294,-0.196462692131259,-0.2403003754693366,0.139350436230757,-0.0071707378904649,0
1.54015160652519,-0.605479965574277,0.139298815250028,0.54825767639633,0.257529353671017,-0.157197153980846,-2.04674033978336,0.140084568498868,-0.54401313401605,-0.185498578335175,-0.424467884304999,-0.258444900014047,-0.1492142956473369,0.0331441101245424,2.62561232118436,0
-0.661044419161621,0.820711196261342,-1.08282649772168,-0.627731613882115,-1.75165067552607,-0.136533735424497,0.022184931087617,-0.1992119614847,-1.3874240742544,-1.08541931071127,-1.02646372232255,-0.164898058105873,0.193297177026839,0.0200257537562451,0.237823430914615,0
-0.598699224296153,-1.00975588429371,0.863439577535347,-0.427513051289771,-0.360097839540111,-1.032442407083,0.847493543483814,0.324669326907192,0.316732477509468,1.78704444936253,-0.516163722754242,-0.242798900373107,-0.2009456264775413,0.0895157196737,-0.359665491507591,0
-0.228398725119693,0.791205228827329,-0.0492687291836595,-0.982184054524118,0.237942393216676,-0.885021062348509,-0.107037579388403,1.33336117567937,-0.951879653547969,-1.26989404251081,1.39466671885383,-0.161618847528851,0.917813934084272,-0.019084806056825,0.00710668968431,0
-2.07867136552732,-0.860548094135987,1.8670080674306,0.497429313259259,1.24404142714263,-3.38138966400303,-0.202295452639066,0.63564318561153,0.642639598288376,0.569737327437784,0.09013087576981,-0.0514095846019908,-0.2953692115143929,-0.0882495108408116,-0.0805992658463504,0
-0.334963863571069,0.493968806673843,-0.185546629924736,-0.869183035436894,-0.411759842420838,0.748854943676904,0.228780228292728,-0.991607650518003,-0.7552793895138,-0.95890291632381,-0.901615954220908,-0.145095294269741,1.038242247253511,-0.0628104162043199,-0.500093366601135,0
0.878700403030728,0.867942077303421,0.257703673852877,-0.484643115473765,-1.39577122854217,-0.834450916115595,0.228873915423319,0.374741396970463,-0.740382797747564,3.07652979869269,-0.0422119024087427,-0.1867511860504,-0.128493950771798,-0.467020655946563,0.212775524857253,0
-0.111972600624612,-0.807203600658299,-1.01949283220097,-0.58030735754441,-1.15355518105467,1.69874279461581,-0.131392580532948,0.861941668950755,0.587056653876864,0.662172230757403,-0.409824841488478,-0.218001440397068,-0.0069531358642747,-0.0788423628863367,-0.355255565542363,0
-0.690612793885614,4.84161826566741,-0.934210778381876,0.292746977553298,0.319560218140115,-1.23025064478084,-3.10022181041655,-1.39601450825684,3.09104893177976,1.16080666483672,0.642252367301293,-0.932328194013847,0.0417188151856487,-0.701516661189991,3.66780870988883,0
-0.343939896380253,-0.35285428833362,-0.387482132036018,-0.132774690956799,1.27261105637341,1.19066995162936,0.74857299952447,0.652134955413894,0.617627617768316,1.09709502471832,0.319497919077477,-0.228349656900579,-0.2879988874982617,0.244610975819835,-0.700432207139174,0
0.568746236098905,-0.453004462641366,-0.50508779679691,0.0754904341846861,1.29738073815959,2.02083608391016,0.616272264887393,0.298028344370797,-1.3907715925592,-2.46014329197146,-0.706341888881005,0.288922820439847,0.1390627172854957,-0.134030654489257,-0.510089585468116,0
-0.403838173804459,-1.14467356767594,-0.849504090915929,-0.851047825088916,-1.32540542154051,1.65026543032832,0.310490405887333,0.259790871693888,0.211977003674752,0.225062315334088,-0.81447909978335,0.288130459405846,-0.3057989153108051,0.152217749725858,0.565714037710168,0
-0.860878077430724,3.72950425722278,0.485788772477659,-0.280201488444917,0.288845712813837,-0.936924927914891,-0.221256899071582,0.0595482054031041,0.0181191576355615,2.61814229418264,-0.79434621604906,-0.898883373344104,-0.2784035600055624,0.74234118703051,2.44727386384515,0
1.40096709450739,-0.621453792615932,0.0996569407072982,0.534130179499113,0.374892251118293,-0.132612167813793,-1.680698031207,0.106559688369204,-0.509411944200855,-0.10637621775832,-0.426197086097632,-0.256067716971741,-0.2764566819635655,0.0393769204522095,2.52237008929693,0
-0.829010490060935,0.626555262280831,-0.281169920204952,-1.51968230381586,-1.06658555267138,1.18349151546954,-0.719242356625352,1.06298655287954,0.282475063844787,0.0885459547376937,1.01922745291502,0.328276991602941,-0.1807815324711444,-0.330515980707467,-1.19151010956919,0
-0.551628152815844,1.33437888503267,0.372459517864776,-1.25805000462086,-0.25798478703341,0.618124989041095,-0.3154607098525,-0.220277284922302,-0.865935145854112,-1.26367974061369,-0.280980516203547,-0.291418888820158,1.395911556111806,0.0288136500381302,-1.90147641904845,0
0.272078422469045,0.684518653021879,0.948835617591618,-0.520182065405444,1.11626605177594,0.344591006440393,-0.693700156362429,0.421014312431597,-0.73575679028203,-0.868940826219834,0.795957522867239,0.138012216048686,0.2462800723126129,-0.0011145487429427,-0.461397676732119,0
0.288514187098137,-0.0820380660475477,0.0101452282572587,1.48628736286442,1.1913550436186,0.136521890519634,1.31536418007163,-0.499205750620139,0.322079580036556,-0.662946046501578,-0.161443185943379,0.109493040679954,3.434849116951745,-0.012112049280119,-0.0241542213497983,0
-0.708353305205578,0.204352272032034,0.172235006371986,-0.724924886083733,0.599842359362915,-1.33536631452043,0.382286531439021,0.706839436605645,0.369200431642663,1.15913542828521,0.120705985439544,-0.491100821971187,-0.2227784730913641,0.473090194790389,0.332160380638665,0
-0.260155950277059,-0.270069025570517,-0.288181038136711,0.500214529871299,-0.883588035540767,-0.0539509683072927,-0.249655688189071,0.741712859738581,0.0426205783467392,0.303128919944435,0.120601865467362,-0.34717616000786,-0.2784035600055624,-0.0267612818844064,0.149105102417447,0
0.606663911898608,-0.478732535199045,-0.723331917568594,-1.16979626613533,-0.327561950741929,-0.403542738971302,-0.0860103620302687,0.650113468618351,-0.216336576014676,1.02212527966067,0.380856369210029,-0.236808747974556,-0.1816159087748574,0.140007402558291,-0.692121620346564,0
0.466133897092251,-0.540878187655186,-0.164492346760436,-0.0333882528866637,1.20085526340245,1.74974018095668,0.298457126443621,0.549366310010622,-0.923343230846497,0.496830209146534,-0.969709287210852,0.457817123851588,-0.2364066193853427,-0.0268731420026555,0.0644964716658206,0
-0.200465518071982,-1.09969786394776,-1.19165665922744,-2.9235710123117,0.365937926154999,1.31490805973722,0.54916758947964,0.513361524918502,0.984871427101065,0.444739038660954,0.0203563236580399,-0.59168727383125,-0.0278125434570991,-0.116467910099298,0.471648552055276,0
0.879136085733495,1.18833533204376,0.666712114182145,-1.52479326621762,-0.384045661837632,-0.548918927498495,-3.31484098914117,0.118095734293692,-1.38472424760944,-1.31068418858126,-0.335400550936674,-0.51190266336458,0.2085940759282436,0.0067184138546978,0.123325376263189,0
-0.236830515019068,0.762813538152001,-0.771706367127915,0.347226540437022,-0.147795614827735,0.295023730594439,0.704244417482061,-0.923806326069433,-0.577507690575287,-1.02303120797375,-0.447615146290045,-0.15043554322682,2.322347378667778,0.0433215559824197,-0.750066007842887,0
0.0533783722935618,-0.19496753473537,-0.216258048745639,0.817695695704217,-1.58578337987477,0.926439519548429,-0.996191089221215,0.427508710860978,-0.722786273164499,-0.525726564017027,0.145329720345585,-0.118028610453249,0.5978306216103461,-0.0099484579000927,1.32168848260832,0
0.391682350816483,-0.160578102267125,-0.932198750713165,1.12602493445725,-1.75864212965243,-0.590379523609673,-0.513836618825209,0.600500676820529,0.531559855471377,-1.01639324593184,-0.0430180023778004,0.255515586793039,5.190654985398414,-0.0559279681094252,0.22397266747864,0
1.44489388636118,-0.367891934059413,0.840507641557727,0.74424314339597,0.250018019314968,-1.03952142182293,-1.84927886096249,-0.703375314143634,-0.021369881999454,-0.131770527205656,-0.275929471860688,0.0139808084891464,0.0139062717285495,-0.097693544366715,2.02762826628506,0
-0.275456864883989,-0.442551139202479,0.911788996039641,0.158971884065514,1.18066434209635,-2.14419186118053,-0.0596106242342892,-0.179016268320038,-0.146954958689109,-0.166191208218461,-0.984464514241052,0.276988531355518,0.0659157279933249,0.0294247939460943,0.595390458106683,0
-0.964441634209121,-0.403368660499304,0.385970830692182,0.334071255083074,-0.703203642202038,-1.82671418497591,0.351788268370153,0.323511942116345,0.204663575339575,0.171750612060459,0.0936809840773824,-0.371315881053274,-0.243498817966903,-0.056909845233898,0.431543535434435,0
0.328235478003751,-0.0211102824318283,-0.558652705913594,0.210555130075364,-0.655355392964771,-1.51223805955689,0.613835663145415,-0.243704848872555,0.231363886540992,0.0349071043493868,-0.247707097458164,0.244470658233993,-0.2935613961896814,-0.0167632786081729,0.483157888550327,0
